approved_mol_id,approved_smiles,approved_max_phase,approved_docking_score,approved_prediction,Molecule ChEMBL ID,Molecule Name,Molecule Max Phase,Molecular Weight,#RO5 Violations,AlogP,Compound Key,Smiles,Standard Type,Standard Relation,Standard Value,Standard Units,pChEMBL Value,Data Validity Comment,Comment,Uo Units,Ligand Efficiency BEI,Ligand Efficiency LE,Ligand Efficiency LLE,Ligand Efficiency SEI,Potential Duplicate,Assay ChEMBL ID,Assay Description,Assay Type,BAO Format ID,BAO Label,Assay Organism,Assay Tissue ChEMBL ID,Assay Tissue Name,Assay Cell Type,Assay Subcellular Fraction,Assay Parameters,Assay Variant Accession,Assay Variant Mutation,Target ChEMBL ID,Target Name,Target Organism,Target Type,Document ChEMBL ID,Source ID,Source Description,Document Journal,Document Year,Cell ChEMBL ID,Properties,Action Type,Standard Text Value,Value
mol_0000,COc1nn(C)cc1Nc1nccc(-c2c[nH]c3c(NC(=O)[C@@H](C)N4CCN(C)CC4)cccc23)n1,2,-9.6,7.0840125,CHEMBL4577523,GOLIDOCITINIB,2.0,489.58,0.0,2.69,21; AZD4205,COc1nn(C)cc1Nc1nccc(-c2c[nH]c3c(NC(=O)[C@@H](C)N4CCN(C)CC4)cccc23)n1,IC50,'=',130.0,nM,6.89,,,UO_0000065,14.07,0.26,4.2,5.92,0,CHEMBL4406248,Inhibition of JAK1 in human NCI-H1975 cells assessed as decrease in STAT3 phosphorylation measured after 1 hr by ELISA,B,BAO_0000219,cell-based format,Homo sapiens,,,NCI-H1975,,,,,CHEMBL2835,Tyrosine-protein kinase JAK1,Homo sapiens,SINGLE PROTEIN,CHEMBL4402602,1,Scientific Literature,J Med Chem,2020.0,CHEMBL3307601,,,,0.13
mol_0000,COc1nn(C)cc1Nc1nccc(-c2c[nH]c3c(NC(=O)[C@@H](C)N4CCN(C)CC4)cccc23)n1,2,-9.6,7.0840125,CHEMBL4577523,GOLIDOCITINIB,2.0,489.58,0.0,2.69,21; AZD4205,COc1nn(C)cc1Nc1nccc(-c2c[nH]c3c(NC(=O)[C@@H](C)N4CCN(C)CC4)cccc23)n1,IC50,'=',70.0,nM,7.16,,,UO_0000065,14.61,0.27,4.46,6.16,0,CHEMBL4406242,Inhibition of recombinant human N-terminal GST-tagged JAK1 (866 to 1154 residues) expressed in insect cells using FITC-labeled C6-KKHTDDGYMPMSPGVA-NH peptide as substrate after 10 mins in presence of 5 mM ATP by caliper mobility shift assay,B,BAO_0000219,cell-based format,Homo sapiens,,,,,,,,CHEMBL2835,Tyrosine-protein kinase JAK1,Homo sapiens,SINGLE PROTEIN,CHEMBL4402602,1,Scientific Literature,J Med Chem,2020.0,,,,,0.07
mol_0000,COc1nn(C)cc1Nc1nccc(-c2c[nH]c3c(NC(=O)[C@@H](C)N4CCN(C)CC4)cccc23)n1,2,-9.6,7.0840125,CHEMBL4577523,GOLIDOCITINIB,2.0,489.58,0.0,2.69,AZD4205,COc1nn(C)cc1Nc1nccc(-c2c[nH]c3c(NC(=O)[C@@H](C)N4CCN(C)CC4)cccc23)n1,IC50,'=',73.0,nM,7.14,,,UO_0000065,14.58,0.27,4.45,6.14,0,CHEMBL5131643,Inhibition of JAK 1 (unknown origin),B,BAO_0000357,single protein format,Homo sapiens,,,,,,,,CHEMBL2835,Tyrosine-protein kinase JAK1,Homo sapiens,SINGLE PROTEIN,CHEMBL5131375,1,Scientific Literature,J Med Chem,2022.0,,,INHIBITOR,,73.0
mol_0001,Cn1cc(Nc2nccc(N3C[C@H]4CC[C@@H](C3)N4C(=O)[C@@H]3CC3(F)F)n2)cn1,3,-8.6,7.7809434,CHEMBL4297477,BREPOCITINIB,3.0,389.41,0.0,1.79,1; PF-06700841,Cn1cc(Nc2nccc(N3C[C@H]4CC[C@@H](C3)N4C(=O)[C@@H]3CC3(F)F)n2)cn1,IC50,'=',17.0,nM,7.77,,,UO_0000065,19.95,0.38,5.98,9.81,0,CHEMBL5327918,Inhibition of JAK1 JH1 domain (unknown origin) in presence of 1 mM of ATP,B,BAO_0000357,single protein format,Homo sapiens,,,,,,,,CHEMBL2835,Tyrosine-protein kinase JAK1,Homo sapiens,SINGLE PROTEIN,CHEMBL5325475,1,Scientific Literature,J Med Chem,2023.0,,,INHIBITOR,,17.0
mol_0002,N#CCC1(n2cc(-c3ncnc4[nH]ccc34)cn2)CN(C2CCN(C(=O)c3ccnc(C(F)(F)F)c3F)CC2)C1,3,-10.6,8.695062,CHEMBL3622820,ITACITINIB,3.0,553.52,1.0,3.6,28,N#CCC1(n2cc(-c3ncnc4[nH]ccc34)cn2)CN(C2CCN(C(=O)c3ccnc(C(F)(F)F)c3F)CC2)C1,IC50,'=',2.0,nM,8.7,,,UO_0000065,15.72,0.3,5.1,7.27,0,CHEMBL5245516,Inhibition of JAK1 (unknown origin),B,BAO_0000357,single protein format,Homo sapiens,,,,,,,,CHEMBL2835,Tyrosine-protein kinase JAK1,Homo sapiens,SINGLE PROTEIN,CHEMBL5244234,1,Scientific Literature,Eur J Med Chem,2020.0,,,INHIBITOR,,2.0
mol_0002,N#CCC1(n2cc(-c3ncnc4[nH]ccc34)cn2)CN(C2CCN(C(=O)c3ccnc(C(F)(F)F)c3F)CC2)C1,3,-10.6,8.695062,CHEMBL3622820,ITACITINIB,3.0,553.52,1.0,3.6,1,N#CCC1(n2cc(-c3ncnc4[nH]ccc34)cn2)CN(C2CCN(C(=O)c3ccnc(C(F)(F)F)c3F)CC2)C1,IC50,'<=',5.0,nM,,,,UO_0000065,,,,,0,CHEMBL3880334,Inhibition of human N-terminal His-tagged JAK1 catalytic domain (837 to 1142 residues) expressed in baculovirus infected insect cells assessed as decrease in phosphorylation of biotinylated peptide substrate after 1 hr in presence of 1 mM ATP by HTRF method,B,BAO_0000219,cell-based format,Homo sapiens,,,,,,,,CHEMBL2835,Tyrosine-protein kinase JAK1,Homo sapiens,SINGLE PROTEIN,CHEMBL3879909,38,SureChEMBL Patent Bioactivity Data,,2014.0,,,,,5.0
mol_0002,N#CCC1(n2cc(-c3ncnc4[nH]ccc34)cn2)CN(C2CCN(C(=O)c3ccnc(C(F)(F)F)c3F)CC2)C1,3,-10.6,8.695062,CHEMBL3622820,ITACITINIB,3.0,553.52,1.0,3.6,INCB039110,N#CCC1(n2cc(-c3ncnc4[nH]ccc34)cn2)CN(C2CCN(C(=O)c3ccnc(C(F)(F)F)c3F)CC2)C1,IC50,'=',2.0,nM,8.7,,,UO_0000065,15.72,0.3,5.1,7.27,1,CHEMBL5131643,Inhibition of JAK 1 (unknown origin),B,BAO_0000357,single protein format,Homo sapiens,,,,,,,,CHEMBL2835,Tyrosine-protein kinase JAK1,Homo sapiens,SINGLE PROTEIN,CHEMBL5131375,1,Scientific Literature,J Med Chem,2022.0,,,INHIBITOR,,2.0
mol_0003,CCS(=O)(=O)N1CCN(c2ccc(Nc3ncc(C(N)=O)c(NC4CC4)n3)cc2)CC1,2,-8.8,8.001521,CHEMBL4116008,CERDULATINIB,2.0,445.55,0.0,1.37,91; PRT-062070,CCS(=O)(=O)N1CCN(c2ccc(Nc3ncc(C(N)=O)c(NC4CC4)n3)cc2)CC1,IC50,'=',12.0,nM,7.92,,,UO_0000065,17.78,0.35,6.55,5.93,0,CHEMBL4272393,Inhibition of JAK1 (unknown origin),B,BAO_0000357,single protein format,Homo sapiens,,,,,,,,CHEMBL2835,Tyrosine-protein kinase JAK1,Homo sapiens,SINGLE PROTEIN,CHEMBL4270539,1,Scientific Literature,J Med Chem,2018.0,,,,,12.0
mol_0003,CCS(=O)(=O)N1CCN(c2ccc(Nc3ncc(C(N)=O)c(NC4CC4)n3)cc2)CC1,2,-8.8,8.001521,CHEMBL4116008,CERDULATINIB,2.0,445.55,0.0,1.37,23; PRT062070,CCS(=O)(=O)N1CCN(c2ccc(Nc3ncc(C(N)=O)c(NC4CC4)n3)cc2)CC1,IC50,'=',12.0,nM,7.92,,,UO_0000065,17.78,0.35,6.55,5.93,1,CHEMBL5346983,Inhibition of JAK1 (unknown origin),B,BAO_0000357,single protein format,Homo sapiens,,,,,,,,CHEMBL2835,Tyrosine-protein kinase JAK1,Homo sapiens,SINGLE PROTEIN,CHEMBL5346859,1,Scientific Literature,Eur J Med Chem,2022.0,,,INHIBITOR,,12.0
mol_0003,CCS(=O)(=O)N1CCN(c2ccc(Nc3ncc(C(N)=O)c(NC4CC4)n3)cc2)CC1,2,-8.8,8.001521,CHEMBL4116008,CERDULATINIB,2.0,445.55,0.0,1.37,15,CCS(=O)(=O)N1CCN(c2ccc(Nc3ncc(C(N)=O)c(NC4CC4)n3)cc2)CC1,IC50,'=',12.0,nM,7.92,,,UO_0000065,17.78,0.35,6.55,5.93,1,CHEMBL5245516,Inhibition of JAK1 (unknown origin),B,BAO_0000357,single protein format,Homo sapiens,,,,,,,,CHEMBL2835,Tyrosine-protein kinase JAK1,Homo sapiens,SINGLE PROTEIN,CHEMBL5244234,1,Scientific Literature,Eur J Med Chem,2020.0,,,INHIBITOR,,12.0
mol_0003,CCS(=O)(=O)N1CCN(c2ccc(Nc3ncc(C(N)=O)c(NC4CC4)n3)cc2)CC1,2,-8.8,8.001521,CHEMBL4116008,CERDULATINIB,2.0,445.55,0.0,1.37,Cerdulatinib,CCS(=O)(=O)N1CCN(c2ccc(Nc3ncc(C(N)=O)c(NC4CC4)n3)cc2)CC1,IC50,'=',12.0,nM,7.92,,,UO_0000065,17.78,0.35,6.55,5.93,1,CHEMBL5131643,Inhibition of JAK 1 (unknown origin),B,BAO_0000357,single protein format,Homo sapiens,,,,,,,,CHEMBL2835,Tyrosine-protein kinase JAK1,Homo sapiens,SINGLE PROTEIN,CHEMBL5131375,1,Scientific Literature,J Med Chem,2022.0,,,INHIBITOR,,12.0
mol_0004,N#CC[C@H](C1CCCC1)n1cc(-c2ncnc3[nH]ccc23)cn1,4,-8.1,8.344064,CHEMBL1789941,RUXOLITINIB,4.0,306.37,0.0,3.47,INCB018424,N#CC[C@H](C1CCCC1)n1cc(-c2ncnc3[nH]ccc23)cn1,IC50,'=',6.0,nM,8.22,,,UO_0000065,,,,,1,CHEMBL4685359,Inhibition of recombinant epitope tagged JAK1 (837 to 1142 residues) (unknown origin) using Chk2 as substrate by HTRF assay,A,BAO_0000357,single protein format,Homo sapiens,,,,,,,,CHEMBL2835,Tyrosine-protein kinase JAK1,Homo sapiens,SINGLE PROTEIN,CHEMBL4680201,1,Scientific Literature,Eur J Med Chem,2020.0,,,INHIBITOR,,6.0
mol_0004,N#CC[C@H](C1CCCC1)n1cc(-c2ncnc3[nH]ccc23)cn1,4,-8.1,8.344064,CHEMBL1789941,RUXOLITINIB,4.0,306.37,0.0,3.47,2,N#CC[C@H](C1CCCC1)n1cc(-c2ncnc3[nH]ccc23)cn1,IC50,'=',38.0,nM,7.42,,,UO_0000065,24.22,0.44,3.95,8.92,0,CHEMBL4145180,Inhibition of JAK1 (unknown origin),B,BAO_0000357,single protein format,Homo sapiens,,,,,,,,CHEMBL2835,Tyrosine-protein kinase JAK1,Homo sapiens,SINGLE PROTEIN,CHEMBL4138312,1,Scientific Literature,J Med Chem,2018.0,,,,,0.038
mol_0004,N#CC[C@H](C1CCCC1)n1cc(-c2ncnc3[nH]ccc23)cn1,4,-8.1,8.344064,CHEMBL1789941,RUXOLITINIB,4.0,306.37,0.0,3.47,Ruxolitinib,N#CC[C@H](C1CCCC1)n1cc(-c2ncnc3[nH]ccc23)cn1,IC50,'=',3.3,nM,8.48,,,UO_0000065,27.68,0.5,5.01,10.2,1,CHEMBL5342277,Inhibition of JAK1 (unknown origin),B,BAO_0000357,single protein format,Homo sapiens,,,,,,,,CHEMBL2835,Tyrosine-protein kinase JAK1,Homo sapiens,SINGLE PROTEIN,CHEMBL5338778,1,Scientific Literature,J Med Chem,2023.0,,,INHIBITOR,,3.3
mol_0004,N#CC[C@H](C1CCCC1)n1cc(-c2ncnc3[nH]ccc23)cn1,4,-8.1,8.344064,CHEMBL1789941,RUXOLITINIB,4.0,306.37,0.0,3.47,Ruxolitinib,N#CC[C@H](C1CCCC1)n1cc(-c2ncnc3[nH]ccc23)cn1,IC50,'=',0.09,nM,10.05,,,UO_0000065,32.79,0.6,6.58,12.08,0,CHEMBL5385203,Inhibition of JAK1 (unknown origin),B,BAO_0000357,single protein format,Homo sapiens,,,,,,,,CHEMBL2835,Tyrosine-protein kinase JAK1,Homo sapiens,SINGLE PROTEIN,CHEMBL5380863,1,Scientific Literature,J Med Chem,2023.0,,,INHIBITOR,,0.09
mol_0004,N#CC[C@H](C1CCCC1)n1cc(-c2ncnc3[nH]ccc23)cn1,4,-8.1,8.344064,CHEMBL1789941,RUXOLITINIB,4.0,306.37,0.0,3.47,2,N#CC[C@H](C1CCCC1)n1cc(-c2ncnc3[nH]ccc23)cn1,IC50,'=',1.2,nM,8.92,,,UO_0000065,29.12,0.53,5.45,10.72,0,CHEMBL3388143,Inhibition of human recombinant JAK1,B,BAO_0000357,single protein format,Homo sapiens,,,,,,,,CHEMBL2835,Tyrosine-protein kinase JAK1,Homo sapiens,SINGLE PROTEIN,CHEMBL3351789,1,Scientific Literature,J Med Chem,2014.0,,,,,1.2
mol_0004,N#CC[C@H](C1CCCC1)n1cc(-c2ncnc3[nH]ccc23)cn1,4,-8.1,8.344064,CHEMBL1789941,RUXOLITINIB,4.0,306.37,0.0,3.47,"2, INCB018424",N#CC[C@H](C1CCCC1)n1cc(-c2ncnc3[nH]ccc23)cn1,IC50,'=',3.3,nM,8.48,,,UO_0000065,27.68,0.5,5.01,10.2,1,CHEMBL2155753,Inhibition of human JAK1 kinase domain expressed in Sf21 cells using EQEDEPEGDYFEWLE as substrate after 1 hr by HTRF assay,B,BAO_0000219,cell-based format,Homo sapiens,,,Sf21,,,,,CHEMBL2835,Tyrosine-protein kinase JAK1,Homo sapiens,SINGLE PROTEIN,CHEMBL2150873,1,Scientific Literature,J Med Chem,2012.0,CHEMBL4106362,,,,3.3
mol_0004,N#CC[C@H](C1CCCC1)n1cc(-c2ncnc3[nH]ccc23)cn1,4,-8.1,8.344064,CHEMBL1789941,RUXOLITINIB,4.0,306.37,0.0,3.47,"3, INCB-018424",N#CC[C@H](C1CCCC1)n1cc(-c2ncnc3[nH]ccc23)cn1,IC50,'=',3.0,nM,8.52,,,UO_0000065,27.82,0.51,5.05,10.25,0,CHEMBL1292865,Inhibition of human recombinant JAK1 by TR-FRET assay,B,BAO_0000357,single protein format,Homo sapiens,,,,,,,,CHEMBL2835,Tyrosine-protein kinase JAK1,Homo sapiens,SINGLE PROTEIN,CHEMBL1287810,1,Scientific Literature,Bioorg Med Chem Lett,2010.0,,,,,3.0
mol_0004,N#CC[C@H](C1CCCC1)n1cc(-c2ncnc3[nH]ccc23)cn1,4,-8.1,8.344064,CHEMBL1789941,RUXOLITINIB,4.0,306.37,0.0,3.47,1,N#CC[C@H](C1CCCC1)n1cc(-c2ncnc3[nH]ccc23)cn1,IC50,'=',20.0,nM,7.7,,,UO_0000065,25.13,0.46,4.23,9.26,0,CHEMBL4406242,Inhibition of recombinant human N-terminal GST-tagged JAK1 (866 to 1154 residues) expressed in insect cells using FITC-labeled C6-KKHTDDGYMPMSPGVA-NH peptide as substrate after 10 mins in presence of 5 mM ATP by caliper mobility shift assay,B,BAO_0000219,cell-based format,Homo sapiens,,,,,,,,CHEMBL2835,Tyrosine-protein kinase JAK1,Homo sapiens,SINGLE PROTEIN,CHEMBL4402602,1,Scientific Literature,J Med Chem,2020.0,,,,,0.02
mol_0004,N#CC[C@H](C1CCCC1)n1cc(-c2ncnc3[nH]ccc23)cn1,4,-8.1,8.344064,CHEMBL1789941,RUXOLITINIB,4.0,306.37,0.0,3.47,2,N#CC[C@H](C1CCCC1)n1cc(-c2ncnc3[nH]ccc23)cn1,IC50,'=',0.6,nM,9.22,,,UO_0000065,30.1,0.55,5.75,11.09,0,CHEMBL3118994,Inhibition of JAK1 (unknown origin),B,BAO_0000357,single protein format,Homo sapiens,,,,,,,,CHEMBL2835,Tyrosine-protein kinase JAK1,Homo sapiens,SINGLE PROTEIN,CHEMBL3112442,1,Scientific Literature,Bioorg Med Chem Lett,2014.0,,,,,0.6
mol_0004,N#CC[C@H](C1CCCC1)n1cc(-c2ncnc3[nH]ccc23)cn1,4,-8.1,8.344064,CHEMBL1789941,RUXOLITINIB,4.0,306.37,0.0,3.47,3,N#CC[C@H](C1CCCC1)n1cc(-c2ncnc3[nH]ccc23)cn1,IC50,'=',6.0,nM,8.22,,,UO_0000065,26.84,0.49,4.75,9.88,0,CHEMBL4022969,Inhibition of recombinant human JAK1 using 5'FAM-KKSRGDYMTMQID as substrate in presence of 1 mM ATP by mobility shift assay,B,BAO_0000357,single protein format,Homo sapiens,,,,,,,,CHEMBL2835,Tyrosine-protein kinase JAK1,Homo sapiens,SINGLE PROTEIN,CHEMBL4020822,1,Scientific Literature,J Med Chem,2018.0,,,,,0.006
mol_0004,N#CC[C@H](C1CCCC1)n1cc(-c2ncnc3[nH]ccc23)cn1,4,-8.1,8.344064,CHEMBL1789941,RUXOLITINIB,4.0,306.37,0.0,3.47,Ruxolitinib,N#CC[C@H](C1CCCC1)n1cc(-c2ncnc3[nH]ccc23)cn1,IC50,'=',0.43,nM,9.37,,,UO_0000065,30.57,0.56,5.9,11.26,0,CHEMBL3784138,Inhibition of JAK1 (unknown origin),B,BAO_0000357,single protein format,Homo sapiens,,,,,,,,CHEMBL2835,Tyrosine-protein kinase JAK1,Homo sapiens,SINGLE PROTEIN,CHEMBL3779778,1,Scientific Literature,Bioorg Med Chem Lett,2016.0,,,,,0.43
mol_0004,N#CC[C@H](C1CCCC1)n1cc(-c2ncnc3[nH]ccc23)cn1,4,-8.1,8.344064,CHEMBL1789941,RUXOLITINIB,4.0,306.37,0.0,3.47,5,N#CC[C@H](C1CCCC1)n1cc(-c2ncnc3[nH]ccc23)cn1,IC50,'=',3.3,nM,8.48,,,UO_0000065,27.68,0.5,5.01,10.2,1,CHEMBL5346999,Inhibition of N-terminal epitope tagged recombinant human JAK1 (837 to 1142 residues) expressed in baculovirus infected Sf21 cells using EQEDEPEGDYFEWLE peptide as substrate incubated for 1 hr in presence of ATP by homogeneous time-resolved fluorescence assay,B,BAO_0000219,cell-based format,Homo sapiens,,,Sf21,,,,,CHEMBL2835,Tyrosine-protein kinase JAK1,Homo sapiens,SINGLE PROTEIN,CHEMBL5346859,1,Scientific Literature,Eur J Med Chem,2022.0,,TIME = 1.0 hr,INHIBITOR,,3.3
mol_0004,N#CC[C@H](C1CCCC1)n1cc(-c2ncnc3[nH]ccc23)cn1,4,-8.1,8.344064,CHEMBL1789941,RUXOLITINIB,4.0,306.37,0.0,3.47,Jakafi,N#CC[C@H](C1CCCC1)n1cc(-c2ncnc3[nH]ccc23)cn1,IC50,'=',3.0,nM,8.52,,,UO_0000065,27.82,0.51,5.05,10.25,1,CHEMBL3804596,Inhibition of human recombinant JAK1 assessed as reduction in Ulight-CAGAGAIETDKEYYTVKD phosphorylation pre-incubated before substrate addition and measured after 60 mins by LANCE detection method,B,BAO_0000357,single protein format,Homo sapiens,,,,,,,,CHEMBL2835,Tyrosine-protein kinase JAK1,Homo sapiens,SINGLE PROTEIN,CHEMBL3797141,1,Scientific Literature,Bioorg Med Chem,2016.0,,,,,0.003
mol_0004,N#CC[C@H](C1CCCC1)n1cc(-c2ncnc3[nH]ccc23)cn1,4,-8.1,8.344064,CHEMBL1789941,RUXOLITINIB,4.0,306.37,0.0,3.47,2,N#CC[C@H](C1CCCC1)n1cc(-c2ncnc3[nH]ccc23)cn1,IC50,'=',1053.0,nM,5.98,,,UO_0000065,19.51,0.35,2.51,7.19,0,CHEMBL3382735,Inhibition of JAK1 in human whole blood assessed as inhibition of IL-6-induced pSTAT1,B,BAO_0000357,single protein format,Homo sapiens,CHEMBL3638178,Blood,,,,,,CHEMBL2835,Tyrosine-protein kinase JAK1,Homo sapiens,SINGLE PROTEIN,CHEMBL3351789,1,Scientific Literature,J Med Chem,2014.0,,,,,1053.0
mol_0004,N#CC[C@H](C1CCCC1)n1cc(-c2ncnc3[nH]ccc23)cn1,4,-8.1,8.344064,CHEMBL1789941,RUXOLITINIB,4.0,306.37,0.0,3.47,8,N#CC[C@H](C1CCCC1)n1cc(-c2ncnc3[nH]ccc23)cn1,IC50,'=',3.3,nM,8.48,,,UO_0000065,27.68,0.5,5.01,10.2,0,CHEMBL3225237,Inhibition of JAK1 (unknown origin),B,BAO_0000357,single protein format,Homo sapiens,,,,,,,,CHEMBL2835,Tyrosine-protein kinase JAK1,Homo sapiens,SINGLE PROTEIN,CHEMBL3217496,1,Scientific Literature,Medchemcomm,2012.0,,,,,3.3
mol_0004,N#CC[C@H](C1CCCC1)n1cc(-c2ncnc3[nH]ccc23)cn1,4,-8.1,8.344064,CHEMBL1789941,RUXOLITINIB,4.0,306.37,0.0,3.47,30,N#CC[C@H](C1CCCC1)n1cc(-c2ncnc3[nH]ccc23)cn1,IC50,'=',3.3,nM,8.48,,,UO_0000065,27.68,0.5,5.01,10.2,1,CHEMBL5131750,Inhibition of N-terminal epitope-tagged JAK1 (837 to 1142 residues) (unknown origin) expressed in Sf21 cells using EQEDEPEGDYFEWLE as substrate in presence of ATP,B,BAO_0000219,cell-based format,Homo sapiens,,,Sf21,,,,,CHEMBL2835,Tyrosine-protein kinase JAK1,Homo sapiens,SINGLE PROTEIN,CHEMBL5131375,1,Scientific Literature,J Med Chem,2022.0,,,INHIBITOR,,3.3
mol_0004,N#CC[C@H](C1CCCC1)n1cc(-c2ncnc3[nH]ccc23)cn1,4,-8.1,8.344064,CHEMBL1789941,RUXOLITINIB,4.0,306.37,0.0,3.47,26; INCB018424,N#CC[C@H](C1CCCC1)n1cc(-c2ncnc3[nH]ccc23)cn1,IC50,'=',3.3,nM,8.48,,,UO_0000065,27.68,0.5,5.01,10.2,1,CHEMBL4356085,Inhibition of JAK1 (unknown origin),B,BAO_0000357,single protein format,Homo sapiens,,,,,,,,CHEMBL2835,Tyrosine-protein kinase JAK1,Homo sapiens,SINGLE PROTEIN,CHEMBL4354810,1,Scientific Literature,J Med Chem,2020.0,,,,,0.0033
mol_0004,N#CC[C@H](C1CCCC1)n1cc(-c2ncnc3[nH]ccc23)cn1,4,-8.1,8.344064,CHEMBL1789941,RUXOLITINIB,4.0,306.37,0.0,3.47,1b,N#CC[C@H](C1CCCC1)n1cc(-c2ncnc3[nH]ccc23)cn1,IC50,'=',0.8,nM,9.1,,,UO_0000065,29.69,0.54,5.63,10.94,0,CHEMBL2378514,Inhibition of JAK1 (unknown origin) using [33gammaP]ATP and Biotin-KAIETDKEYYTVKD as substrate incubated for 10 mins prior to substrate addition measured after 1 hr by filtration assay,B,BAO_0000357,single protein format,Homo sapiens,,,,,,,,CHEMBL2835,Tyrosine-protein kinase JAK1,Homo sapiens,SINGLE PROTEIN,CHEMBL2375236,1,Scientific Literature,Bioorg Med Chem Lett,2013.0,,,,,0.8
mol_0004,N#CC[C@H](C1CCCC1)n1cc(-c2ncnc3[nH]ccc23)cn1,4,-8.1,8.344064,CHEMBL1789941,RUXOLITINIB,4.0,306.37,0.0,3.47,Ruxolitinib,N#CC[C@H](C1CCCC1)n1cc(-c2ncnc3[nH]ccc23)cn1,IC50,'=',5.2,nM,8.28,,,UO_0000065,27.04,0.49,4.81,9.96,0,CHEMBL5319083,Inhibition of JAK1 JH1 domain (unknown origin) using FITC-Ahx-KKSRGDYMTMQIG-NH2 peptide as substrate incubated for 60 mins in the presence of ATP by caliper microfluidic mobility shift technology,B,BAO_0000357,single protein format,Homo sapiens,,,,,,,,CHEMBL2835,Tyrosine-protein kinase JAK1,Homo sapiens,SINGLE PROTEIN,CHEMBL5316322,1,Scientific Literature,J Med Chem,2023.0,,TIME = 1.0 hr,INHIBITOR,,5.2
mol_0004,N#CC[C@H](C1CCCC1)n1cc(-c2ncnc3[nH]ccc23)cn1,4,-8.1,8.344064,CHEMBL1789941,RUXOLITINIB,4.0,306.37,0.0,3.47,5,N#CC[C@H](C1CCCC1)n1cc(-c2ncnc3[nH]ccc23)cn1,IC50,'=',6.4,nM,8.19,,,UO_0000065,26.74,0.49,4.72,9.85,0,CHEMBL3301297,Inhibition of JAK1 (unknown origin),B,BAO_0000357,single protein format,Homo sapiens,,,,,,,,CHEMBL2835,Tyrosine-protein kinase JAK1,Homo sapiens,SINGLE PROTEIN,CHEMBL3297690,1,Scientific Literature,J Med Chem,2014.0,,,,,6.4
mol_0004,N#CC[C@H](C1CCCC1)n1cc(-c2ncnc3[nH]ccc23)cn1,4,-8.1,8.344064,CHEMBL1789941,RUXOLITINIB,4.0,306.37,0.0,3.47,19,N#CC[C@H](C1CCCC1)n1cc(-c2ncnc3[nH]ccc23)cn1,IC50,'=',3000.0,nM,,Potential transcription error,,UO_0000065,,,,,1,CHEMBL5227216,Inhibition of human JAK1 by western blot assay,B,BAO_0000357,single protein format,Homo sapiens,,,,,,,,CHEMBL2835,Tyrosine-protein kinase JAK1,Homo sapiens,SINGLE PROTEIN,CHEMBL5226297,1,Scientific Literature,J Med Chem,2021.0,,,INHIBITOR,,3.0
mol_0004,N#CC[C@H](C1CCCC1)n1cc(-c2ncnc3[nH]ccc23)cn1,4,-8.1,8.344064,CHEMBL1789941,RUXOLITINIB,4.0,306.37,0.0,3.47,7,N#CC[C@H](C1CCCC1)n1cc(-c2ncnc3[nH]ccc23)cn1,IC50,'=',3.3,nM,8.48,,,UO_0000065,27.68,0.5,5.01,10.2,1,CHEMBL5331959,Inhibition of JAK1 (unknown origin),B,BAO_0000357,single protein format,Homo sapiens,,,,,,,,CHEMBL2835,Tyrosine-protein kinase JAK1,Homo sapiens,SINGLE PROTEIN,CHEMBL5331057,1,Scientific Literature,Eur J Med Chem,2022.0,,,INHIBITOR,,3.3
mol_0004,N#CC[C@H](C1CCCC1)n1cc(-c2ncnc3[nH]ccc23)cn1,4,-8.1,8.344064,CHEMBL1789941,RUXOLITINIB,4.0,306.37,0.0,3.47,Ruxolitinib,N#CC[C@H](C1CCCC1)n1cc(-c2ncnc3[nH]ccc23)cn1,IC50,'=',40.0,nM,7.4,,,UO_0000065,24.15,0.44,3.93,8.89,0,CHEMBL3784146,Inhibition of JAK1 in human PBMC cells assessed as inhibition of IL-6-induced MCP1 secretion,B,BAO_0000219,cell-based format,Homo sapiens,,,PBMC,,,,,CHEMBL2835,Tyrosine-protein kinase JAK1,Homo sapiens,SINGLE PROTEIN,CHEMBL3779778,1,Scientific Literature,Bioorg Med Chem Lett,2016.0,CHEMBL3308021,,,,40.0
mol_0004,N#CC[C@H](C1CCCC1)n1cc(-c2ncnc3[nH]ccc23)cn1,4,-8.1,8.344064,CHEMBL1789941,RUXOLITINIB,4.0,306.37,0.0,3.47,1,N#CC[C@H](C1CCCC1)n1cc(-c2ncnc3[nH]ccc23)cn1,IC50,'=',4.0,nM,8.4,,,UO_0000065,27.41,0.5,4.93,10.1,0,CHEMBL4341685,Inhibition of human recombinant N-terminal hexahistidine tagged JAK1 JH1 catalytic domain (854 to 1154 residues) expressed in baculovirus infected Sf9 cells using Tyr6 peptide as substrate incubated for 30 secs under shaking condition measured after 1 hr by Z'-LYTE assay,B,BAO_0000219,cell-based format,Homo sapiens,,,Sf9,,,,,CHEMBL2835,Tyrosine-protein kinase JAK1,Homo sapiens,SINGLE PROTEIN,CHEMBL4340536,1,Scientific Literature,Bioorg Med Chem Lett,2019.0,CHEMBL3308860,,,,0.004
mol_0004,N#CC[C@H](C1CCCC1)n1cc(-c2ncnc3[nH]ccc23)cn1,4,-8.1,8.344064,CHEMBL1789941,RUXOLITINIB,4.0,306.37,0.0,3.47,1,N#CC[C@H](C1CCCC1)n1cc(-c2ncnc3[nH]ccc23)cn1,IC50,'=',3.2,nM,8.49,,,UO_0000065,27.73,0.5,5.02,10.21,1,CHEMBL4429695,Inhibition of human JAK1 using GEEPLYWSFPAKKK as substrate measured after 40 mins in presence of ATP by scintillation counting method,B,BAO_0000357,single protein format,Homo sapiens,,,,,,,,CHEMBL2835,Tyrosine-protein kinase JAK1,Homo sapiens,SINGLE PROTEIN,CHEMBL4428074,1,Scientific Literature,Bioorg Med Chem,2016.0,,,,,3.2
mol_0004,N#CC[C@H](C1CCCC1)n1cc(-c2ncnc3[nH]ccc23)cn1,4,-8.1,8.344064,CHEMBL1789941,RUXOLITINIB,4.0,306.37,0.0,3.47,30,N#CC[C@H](C1CCCC1)n1cc(-c2ncnc3[nH]ccc23)cn1,IC50,'=',3.3,nM,8.48,,,UO_0000065,27.68,0.5,5.01,10.2,1,CHEMBL5131643,Inhibition of JAK 1 (unknown origin),B,BAO_0000357,single protein format,Homo sapiens,,,,,,,,CHEMBL2835,Tyrosine-protein kinase JAK1,Homo sapiens,SINGLE PROTEIN,CHEMBL5131375,1,Scientific Literature,J Med Chem,2022.0,,,INHIBITOR,,3.3
mol_0004,N#CC[C@H](C1CCCC1)n1cc(-c2ncnc3[nH]ccc23)cn1,4,-8.1,8.344064,CHEMBL1789941,RUXOLITINIB,4.0,306.37,0.0,3.47,1,N#CC[C@H](C1CCCC1)n1cc(-c2ncnc3[nH]ccc23)cn1,IC50,'=',3.3,nM,8.48,,,UO_0000065,27.68,0.5,5.01,10.2,1,CHEMBL4481926,Inhibition of human JAK1 (837 to 1142 residues) expressed in baculovirus infected Sf9 insect cells using EQEDEPEGDYFEWLE as substrate after 1 hr by fluorescence assay,B,BAO_0000219,cell-based format,Homo sapiens,,,Sf9,,,,,CHEMBL2835,Tyrosine-protein kinase JAK1,Homo sapiens,SINGLE PROTEIN,CHEMBL4480435,1,Scientific Literature,Bioorg Med Chem,2019.0,CHEMBL3308860,,,,3.3
mol_0004,N#CC[C@H](C1CCCC1)n1cc(-c2ncnc3[nH]ccc23)cn1,4,-8.1,8.344064,CHEMBL1789941,RUXOLITINIB,4.0,306.37,0.0,3.47,Jakafi,N#CC[C@H](C1CCCC1)n1cc(-c2ncnc3[nH]ccc23)cn1,IC50,'=',7.0,nM,8.15,,,UO_0000065,26.62,0.48,4.68,9.8,0,CHEMBL3803215,Inhibition of JAK1 (unknown origin),B,BAO_0000357,single protein format,Homo sapiens,,,,,,,,CHEMBL2835,Tyrosine-protein kinase JAK1,Homo sapiens,SINGLE PROTEIN,CHEMBL3797141,1,Scientific Literature,Bioorg Med Chem,2016.0,,,,,7.0
mol_0004,N#CC[C@H](C1CCCC1)n1cc(-c2ncnc3[nH]ccc23)cn1,4,-8.1,8.344064,CHEMBL1789941,RUXOLITINIB,4.0,306.37,0.0,3.47,Jakafi,N#CC[C@H](C1CCCC1)n1cc(-c2ncnc3[nH]ccc23)cn1,IC50,'=',1.1,nM,8.96,,,UO_0000065,29.24,0.53,5.49,10.77,0,CHEMBL5038805,Inhibition of JAK1 (unknown origin) preincubated for 60 mins followed by reagent A addition and measured after 60 mins in presence of ATP by using microplate reader method,B,BAO_0000357,single protein format,Homo sapiens,,,,,,,,CHEMBL2835,Tyrosine-protein kinase JAK1,Homo sapiens,SINGLE PROTEIN,CHEMBL5038570,1,Scientific Literature,J Med Chem,2022.0,,TIME = 2.0 hr,INHIBITOR,,1.1
mol_0004,N#CC[C@H](C1CCCC1)n1cc(-c2ncnc3[nH]ccc23)cn1,4,-8.1,8.344064,CHEMBL1789941,RUXOLITINIB,4.0,306.37,0.0,3.47,64,N#CC[C@H](C1CCCC1)n1cc(-c2ncnc3[nH]ccc23)cn1,IC50,'=',6.0,nM,8.22,,,UO_0000065,26.84,0.49,4.75,9.88,1,CHEMBL4351041,Inhibition of JAK1 (unknown origin),B,BAO_0000357,single protein format,Homo sapiens,,,,,,,,CHEMBL2835,Tyrosine-protein kinase JAK1,Homo sapiens,SINGLE PROTEIN,CHEMBL4350951,1,Scientific Literature,J Med Chem,2019.0,,,,,6.0
mol_0005,CCS(=O)(=O)N1CC(CC#N)(n2cc(-c3ncnc4[nH]ccc34)cn2)C1,4,-7.9,8.392914,CHEMBL2105759,BARICITINIB,4.0,371.43,0.0,1.1,6,CCS(=O)(=O)N1CC(CC#N)(n2cc(-c3ncnc4[nH]ccc34)cn2)C1,IC50,'=',4.0,nM,8.4,,,UO_0000065,22.61,0.44,7.3,6.97,0,CHEMBL3301297,Inhibition of JAK1 (unknown origin),B,BAO_0000357,single protein format,Homo sapiens,,,,,,,,CHEMBL2835,Tyrosine-protein kinase JAK1,Homo sapiens,SINGLE PROTEIN,CHEMBL3297690,1,Scientific Literature,J Med Chem,2014.0,,,,,4.0
mol_0005,CCS(=O)(=O)N1CC(CC#N)(n2cc(-c3ncnc4[nH]ccc34)cn2)C1,4,-7.9,8.392914,CHEMBL2105759,BARICITINIB,4.0,371.43,0.0,1.1,baricitinib,CCS(=O)(=O)N1CC(CC#N)(n2cc(-c3ncnc4[nH]ccc34)cn2)C1,IC50,'=',6.0,nM,8.22,,,UO_0000065,22.14,0.43,7.12,6.82,0,CHEMBL3625889,Inhibition of JAK1 (unknown origin),B,BAO_0000357,single protein format,Homo sapiens,,,,,,,,CHEMBL2835,Tyrosine-protein kinase JAK1,Homo sapiens,SINGLE PROTEIN,CHEMBL3621116,1,Scientific Literature,J Med Chem,2015.0,,,,,6.0
mol_0005,CCS(=O)(=O)N1CC(CC#N)(n2cc(-c3ncnc4[nH]ccc34)cn2)C1,4,-7.9,8.392914,CHEMBL2105759,BARICITINIB,4.0,371.43,0.0,1.1,Baricitinib,CCS(=O)(=O)N1CC(CC#N)(n2cc(-c3ncnc4[nH]ccc34)cn2)C1,IC50,'=',4.0,nM,8.4,,,UO_0000065,22.61,0.44,7.3,6.97,1,CHEMBL3803215,Inhibition of JAK1 (unknown origin),B,BAO_0000357,single protein format,Homo sapiens,,,,,,,,CHEMBL2835,Tyrosine-protein kinase JAK1,Homo sapiens,SINGLE PROTEIN,CHEMBL3797141,1,Scientific Literature,Bioorg Med Chem,2016.0,,,,,4.0
mol_0005,CCS(=O)(=O)N1CC(CC#N)(n2cc(-c3ncnc4[nH]ccc34)cn2)C1,4,-7.9,8.392914,CHEMBL2105759,BARICITINIB,4.0,371.43,0.0,1.1,4; LY3009104,CCS(=O)(=O)N1CC(CC#N)(n2cc(-c3ncnc4[nH]ccc34)cn2)C1,IC50,'=',5.9,nM,8.23,,,UO_0000065,22.16,0.43,7.13,6.83,1,CHEMBL5131643,Inhibition of JAK 1 (unknown origin),B,BAO_0000357,single protein format,Homo sapiens,,,,,,,,CHEMBL2835,Tyrosine-protein kinase JAK1,Homo sapiens,SINGLE PROTEIN,CHEMBL5131375,1,Scientific Literature,J Med Chem,2022.0,,,INHIBITOR,,5.9
mol_0005,CCS(=O)(=O)N1CC(CC#N)(n2cc(-c3ncnc4[nH]ccc34)cn2)C1,4,-7.9,8.392914,CHEMBL2105759,BARICITINIB,4.0,371.43,0.0,1.1,Baricitinib,CCS(=O)(=O)N1CC(CC#N)(n2cc(-c3ncnc4[nH]ccc34)cn2)C1,IC50,'=',0.99,nM,9.0,,,UO_0000065,24.24,0.47,7.9,7.47,0,CHEMBL3766652,Inhibition of JAK1 (unknown origin) using Ulight-JAK1 substrate peptide assessed as reduction in ATP-dependent substrate phosphorylation after 45 mins by TR-FRET assay,B,BAO_0000357,single protein format,Homo sapiens,,,,,,,,CHEMBL2835,Tyrosine-protein kinase JAK1,Homo sapiens,SINGLE PROTEIN,CHEMBL3763089,1,Scientific Literature,J Med Chem,2016.0,,,,,0.99
mol_0005,CCS(=O)(=O)N1CC(CC#N)(n2cc(-c3ncnc4[nH]ccc34)cn2)C1,4,-7.9,8.392914,CHEMBL2105759,BARICITINIB,4.0,371.43,0.0,1.1,Baricitinib,CCS(=O)(=O)N1CC(CC#N)(n2cc(-c3ncnc4[nH]ccc34)cn2)C1,IC50,'=',4.0,nM,8.4,,,UO_0000065,22.61,0.44,7.3,6.97,1,CHEMBL4812333,Inhibition of recombinant human N-terminal GST-tagged JAK1 (850 to 1154 residues) expressed in baculovirus expression system,B,BAO_0000019,assay format,Homo sapiens,,,,,,,,CHEMBL2835,Tyrosine-protein kinase JAK1,Homo sapiens,SINGLE PROTEIN,CHEMBL4811248,1,Scientific Literature,Eur J Med Chem,2021.0,,,INHIBITOR,,4.0
mol_0005,CCS(=O)(=O)N1CC(CC#N)(n2cc(-c3ncnc4[nH]ccc34)cn2)C1,4,-7.9,8.392914,CHEMBL2105759,BARICITINIB,4.0,371.43,0.0,1.1,Baricitinib,CCS(=O)(=O)N1CC(CC#N)(n2cc(-c3ncnc4[nH]ccc34)cn2)C1,IC50,'=',5.8,nM,8.24,,,UO_0000065,22.18,0.43,7.14,6.83,1,CHEMBL5342284,Inhibition of recombinant epitope tagged JAK1 (unknown origin) (837 to 1142 residues) using peptide substrate in presence of ATP by time-resolved fluorescence assay,B,BAO_0000357,single protein format,Homo sapiens,,,,,,,,CHEMBL2835,Tyrosine-protein kinase JAK1,Homo sapiens,SINGLE PROTEIN,CHEMBL5338778,1,Scientific Literature,J Med Chem,2023.0,,,INHIBITOR,,5.8
mol_0005,CCS(=O)(=O)N1CC(CC#N)(n2cc(-c3ncnc4[nH]ccc34)cn2)C1,4,-7.9,8.392914,CHEMBL2105759,BARICITINIB,4.0,371.43,0.0,1.1,5,CCS(=O)(=O)N1CC(CC#N)(n2cc(-c3ncnc4[nH]ccc34)cn2)C1,IC50,'=',5.9,nM,8.23,,,UO_0000065,22.16,0.43,7.13,6.83,1,CHEMBL5159165,Inhibition of recombinant JAK1 (837 to 1142 residues) (unknown origin) by HTRF assay,B,BAO_0000357,single protein format,Homo sapiens,,,,,,,,CHEMBL2835,Tyrosine-protein kinase JAK1,Homo sapiens,SINGLE PROTEIN,CHEMBL5154743,1,Scientific Literature,J Med Chem,2022.0,,,INHIBITOR,,5.9
mol_0005,CCS(=O)(=O)N1CC(CC#N)(n2cc(-c3ncnc4[nH]ccc34)cn2)C1,4,-7.9,8.392914,CHEMBL2105759,BARICITINIB,4.0,371.43,0.0,1.1,6,CCS(=O)(=O)N1CC(CC#N)(n2cc(-c3ncnc4[nH]ccc34)cn2)C1,IC50,'=',5.9,nM,8.23,,,UO_0000065,22.16,0.43,7.13,6.83,1,CHEMBL4829130,Inhibition of JAK1 (unknown origin),B,BAO_0000357,single protein format,Homo sapiens,,,,,,,,CHEMBL2835,Tyrosine-protein kinase JAK1,Homo sapiens,SINGLE PROTEIN,CHEMBL4828715,1,Scientific Literature,J Med Chem,2021.0,,,INHIBITOR,,5.9
mol_0005,CCS(=O)(=O)N1CC(CC#N)(n2cc(-c3ncnc4[nH]ccc34)cn2)C1,4,-7.9,8.392914,CHEMBL2105759,BARICITINIB,4.0,371.43,0.0,1.1,Barcitinib,CCS(=O)(=O)N1CC(CC#N)(n2cc(-c3ncnc4[nH]ccc34)cn2)C1,IC50,'=',5.9,nM,8.23,,,UO_0000065,22.16,0.43,7.13,6.83,1,CHEMBL5385203,Inhibition of JAK1 (unknown origin),B,BAO_0000357,single protein format,Homo sapiens,,,,,,,,CHEMBL2835,Tyrosine-protein kinase JAK1,Homo sapiens,SINGLE PROTEIN,CHEMBL5380863,1,Scientific Literature,J Med Chem,2023.0,,,INHIBITOR,,5.9
mol_0005,CCS(=O)(=O)N1CC(CC#N)(n2cc(-c3ncnc4[nH]ccc34)cn2)C1,4,-7.9,8.392914,CHEMBL2105759,BARICITINIB,4.0,371.43,0.0,1.1,3,CCS(=O)(=O)N1CC(CC#N)(n2cc(-c3ncnc4[nH]ccc34)cn2)C1,IC50,'=',5.9,nM,8.23,,,UO_0000065,22.16,0.43,7.13,6.83,0,CHEMBL4341337,Inhibition of recombinant epitope tagged JAK1 kinase domain (837 to 1142 residues) (unknown origin) using peptide substrate by fluorescence based assay,B,BAO_0000357,single protein format,Homo sapiens,,,,,,,,CHEMBL2835,Tyrosine-protein kinase JAK1,Homo sapiens,SINGLE PROTEIN,CHEMBL4340527,1,Scientific Literature,Bioorg Med Chem,2019.0,,,,,5.9
mol_0005,CCS(=O)(=O)N1CC(CC#N)(n2cc(-c3ncnc4[nH]ccc34)cn2)C1,4,-7.9,8.392914,CHEMBL2105759,BARICITINIB,4.0,371.43,0.0,1.1,2,CCS(=O)(=O)N1CC(CC#N)(n2cc(-c3ncnc4[nH]ccc34)cn2)C1,IC50,'=',5.9,nM,8.23,,,UO_0000065,22.16,0.43,7.13,6.83,1,CHEMBL5346987,Inhibition of recombinant epitope tagged JAK1 (unknown origin) (837 to 1142 residues) using peptide as substrate in presence of ATP by homogeneous time-resolved fluorescence assay,B,BAO_0000357,single protein format,Homo sapiens,,,,,,,,CHEMBL2835,Tyrosine-protein kinase JAK1,Homo sapiens,SINGLE PROTEIN,CHEMBL5346859,1,Scientific Literature,Eur J Med Chem,2022.0,,,INHIBITOR,,5.9
mol_0005,CCS(=O)(=O)N1CC(CC#N)(n2cc(-c3ncnc4[nH]ccc34)cn2)C1,4,-7.9,8.392914,CHEMBL2105759,BARICITINIB,4.0,371.43,0.0,1.1,INCB-028050; 34,CCS(=O)(=O)N1CC(CC#N)(n2cc(-c3ncnc4[nH]ccc34)cn2)C1,IC50,'=',4.0,nM,8.4,,,UO_0000065,22.61,0.44,7.3,6.97,1,CHEMBL5153408,Inhibition of JAK1 (unknown origin),B,BAO_0000357,single protein format,Homo sapiens,,,,,,,,CHEMBL2835,Tyrosine-protein kinase JAK1,Homo sapiens,SINGLE PROTEIN,CHEMBL5150054,1,Scientific Literature,RSC Med Chem,2022.0,,,INHIBITOR,,4.0
mol_0005,CCS(=O)(=O)N1CC(CC#N)(n2cc(-c3ncnc4[nH]ccc34)cn2)C1,4,-7.9,8.392914,CHEMBL2105759,BARICITINIB,4.0,371.43,0.0,1.1,5,CCS(=O)(=O)N1CC(CC#N)(n2cc(-c3ncnc4[nH]ccc34)cn2)C1,IC50,'=',5.9,nM,8.23,,,UO_0000065,22.16,0.43,7.13,6.83,1,CHEMBL5150285,Reversible inhibition of JAK1 (unknown origin),B,BAO_0000357,single protein format,Homo sapiens,,,,,,,,CHEMBL2835,Tyrosine-protein kinase JAK1,Homo sapiens,SINGLE PROTEIN,CHEMBL5149965,1,Scientific Literature,J Med Chem,2021.0,,,INHIBITOR,,5.9
mol_0005,CCS(=O)(=O)N1CC(CC#N)(n2cc(-c3ncnc4[nH]ccc34)cn2)C1,4,-7.9,8.392914,CHEMBL2105759,BARICITINIB,4.0,371.43,0.0,1.1,Baricitinib,CCS(=O)(=O)N1CC(CC#N)(n2cc(-c3ncnc4[nH]ccc34)cn2)C1,IC50,'=',2.4,nM,8.62,,,UO_0000065,23.21,0.45,7.52,7.15,0,CHEMBL5319083,Inhibition of JAK1 JH1 domain (unknown origin) using FITC-Ahx-KKSRGDYMTMQIG-NH2 peptide as substrate incubated for 60 mins in the presence of ATP by caliper microfluidic mobility shift technology,B,BAO_0000357,single protein format,Homo sapiens,,,,,,,,CHEMBL2835,Tyrosine-protein kinase JAK1,Homo sapiens,SINGLE PROTEIN,CHEMBL5316322,1,Scientific Literature,J Med Chem,2023.0,,TIME = 1.0 hr,INHIBITOR,,2.4
mol_0005,CCS(=O)(=O)N1CC(CC#N)(n2cc(-c3ncnc4[nH]ccc34)cn2)C1,4,-7.9,8.392914,CHEMBL2105759,BARICITINIB,4.0,371.43,0.0,1.1,2,CCS(=O)(=O)N1CC(CC#N)(n2cc(-c3ncnc4[nH]ccc34)cn2)C1,IC50,'=',4.0,nM,8.4,,,UO_0000065,22.61,0.44,7.3,6.97,1,CHEMBL4022969,Inhibition of recombinant human JAK1 using 5'FAM-KKSRGDYMTMQID as substrate in presence of 1 mM ATP by mobility shift assay,B,BAO_0000357,single protein format,Homo sapiens,,,,,,,,CHEMBL2835,Tyrosine-protein kinase JAK1,Homo sapiens,SINGLE PROTEIN,CHEMBL4020822,1,Scientific Literature,J Med Chem,2018.0,,,,,0.004
mol_0005,CCS(=O)(=O)N1CC(CC#N)(n2cc(-c3ncnc4[nH]ccc34)cn2)C1,4,-7.9,8.392914,CHEMBL2105759,BARICITINIB,4.0,371.43,0.0,1.1,3,CCS(=O)(=O)N1CC(CC#N)(n2cc(-c3ncnc4[nH]ccc34)cn2)C1,IC50,'=',5.9,nM,8.23,,,UO_0000065,22.16,0.43,7.13,6.83,0,CHEMBL4341346,Inhibition of JAK1 (unknown origin) using TK-substrate-biotin as substrate preincubated for 5 mins followed by substrate addition and measured by 30 mins by HTRF assay,B,BAO_0000357,single protein format,Homo sapiens,,,,,,,,CHEMBL2835,Tyrosine-protein kinase JAK1,Homo sapiens,SINGLE PROTEIN,CHEMBL4340527,1,Scientific Literature,Bioorg Med Chem,2019.0,,,,,5.9
mol_0006,CC1(C)CN(C(=O)c2ccc(-c3cccc4nc(NC(=O)C5CC5)nn34)cc2)C1,2,-10.0,8.048074,CHEMBL3301606,SOLCITINIB,2.0,389.46,0.0,3.23,29,CC1(C)CN(C(=O)c2ccc(-c3cccc4nc(NC(=O)C5CC5)nn34)cc2)C1,IC50,'=',9.8,nM,8.01,,,UO_0000065,20.56,0.38,4.78,10.06,0,CHEMBL5245516,Inhibition of JAK1 (unknown origin),B,BAO_0000357,single protein format,Homo sapiens,,,,,,,,CHEMBL2835,Tyrosine-protein kinase JAK1,Homo sapiens,SINGLE PROTEIN,CHEMBL5244234,1,Scientific Literature,Eur J Med Chem,2020.0,,,INHIBITOR,,9.8
mol_0006,CC1(C)CN(C(=O)c2ccc(-c3cccc4nc(NC(=O)C5CC5)nn34)cc2)C1,2,-10.0,8.048074,CHEMBL3301606,SOLCITINIB,2.0,389.46,0.0,3.23,BDBM128101,CC1(C)CN(C(=O)c2ccc(-c3cccc4nc(NC(=O)C5CC5)nn34)cc2)C1,IC50,'=',6.6,nM,8.18,,258843,UO_0000065,21.0,0.39,4.95,10.28,0,CHEMBL3706062,"Inhibition Assay: Recombinant human JAK1 (catalytic domain, amino acids 866-1154; catalog number PV4774) was purchased from Invitrogen. 1 ng of JAK1 was incubated with 20 nM Ulight-JAK1(tyr1023) peptide (Perkin Elmer catalog number TRF0121) in kinase reaction buffer (25 mM MOPS pH6.8, 0.016% Brij-35, 8.33 mM MgCl2, 3.33 mM DTT, 7 uM ATP) with or without 4 uL containing test compound or vehicle (DMSO, 1% final concentration), in a total volume of 20 uL, in a white 384 Luminotrac 200 plate (Greiner, catalog number 781075). After 60 min at room temperature, reactions were stopped by adding 20 uL/well of detection mixture (1x detection buffer (Perkin Elmer, catalog number CR97-100C), 0.5 nM Europium-anti-phosphotyrosine (PT66) (Perkin Elmer, catalog number AD0068), 10 mM EDTA). Readout is performed using the Envision with excitation at 320 nm and measuring emission at 615 nm (Perkin Elmer). Kinase activity was calculated by subtracting relative fluorescence units (RFU).",B,BAO_0000357,single protein format,Homo sapiens,,,,,,,,CHEMBL2835,Tyrosine-protein kinase JAK1,Homo sapiens,SINGLE PROTEIN,CHEMBL3638949,37,BindingDB Patent Bioactivity Data,,2014.0,,,,,6.6
mol_0007,O=C(Nc1nc2cccc(-c3ccc(CN4CCS(=O)(=O)CC4)cc3)n2n1)C1CC1,4,-10.0,7.2956185,CHEMBL3301607,FILGOTINIB,4.0,425.51,0.0,1.98,filgotinib,O=C(Nc1nc2cccc(-c3ccc(CN4CCS(=O)(=O)CC4)cc3)n2n1)C1CC1,IC50,'=',10.0,nM,8.0,,,UO_0000065,18.8,0.36,6.02,8.28,1,CHEMBL3625889,Inhibition of JAK1 (unknown origin),B,BAO_0000357,single protein format,Homo sapiens,,,,,,,,CHEMBL2835,Tyrosine-protein kinase JAK1,Homo sapiens,SINGLE PROTEIN,CHEMBL3621116,1,Scientific Literature,J Med Chem,2015.0,,,,,10.0
mol_0007,O=C(Nc1nc2cccc(-c3ccc(CN4CCS(=O)(=O)CC4)cc3)n2n1)C1CC1,4,-10.0,7.2956185,CHEMBL3301607,FILGOTINIB,4.0,425.51,0.0,1.98,8,O=C(Nc1nc2cccc(-c3ccc(CN4CCS(=O)(=O)CC4)cc3)n2n1)C1CC1,IC50,'=',363.0,nM,6.44,,,UO_0000065,15.13,0.29,4.46,6.66,0,CHEMBL3301297,Inhibition of JAK1 (unknown origin),B,BAO_0000357,single protein format,Homo sapiens,,,,,,,,CHEMBL2835,Tyrosine-protein kinase JAK1,Homo sapiens,SINGLE PROTEIN,CHEMBL3297690,1,Scientific Literature,J Med Chem,2014.0,,,,,363.0
mol_0007,O=C(Nc1nc2cccc(-c3ccc(CN4CCS(=O)(=O)CC4)cc3)n2n1)C1CC1,4,-10.0,7.2956185,CHEMBL3301607,FILGOTINIB,4.0,425.51,0.0,1.98,6,O=C(Nc1nc2cccc(-c3ccc(CN4CCS(=O)(=O)CC4)cc3)n2n1)C1CC1,IC50,'=',636.0,nM,6.2,,,UO_0000065,14.56,0.28,4.22,6.41,0,CHEMBL4714259,Inhibition of recombinant human JAK1 assessed as phosphorylation level in presence of 1 mM ATP,B,BAO_0000357,single protein format,Homo sapiens,,,,,,,,CHEMBL2835,Tyrosine-protein kinase JAK1,Homo sapiens,SINGLE PROTEIN,CHEMBL4706695,1,Scientific Literature,Bioorg Med Chem Lett,2021.0,,,INHIBITOR,,636.0
mol_0007,O=C(Nc1nc2cccc(-c3ccc(CN4CCS(=O)(=O)CC4)cc3)n2n1)C1CC1,4,-10.0,7.2956185,CHEMBL3301607,FILGOTINIB,4.0,425.51,0.0,1.98,BDBM103727,O=C(Nc1nc2cccc(-c3ccc(CN4CCS(=O)(=O)CC4)cc3)n2n1)C1CC1,IC50,'=',48.29,nM,7.32,,221697,UO_0000065,17.19,0.33,5.34,7.57,0,CHEMBL3705086,Inhibition Assay: In vitro inhibition assay using various enzyme.,B,BAO_0000357,single protein format,Homo sapiens,,,,,,,,CHEMBL2835,Tyrosine-protein kinase JAK1,Homo sapiens,SINGLE PROTEIN,CHEMBL3638964,37,BindingDB Patent Bioactivity Data,,2013.0,,,,,48.29
mol_0007,O=C(Nc1nc2cccc(-c3ccc(CN4CCS(=O)(=O)CC4)cc3)n2n1)C1CC1,4,-10.0,7.2956185,CHEMBL3301607,FILGOTINIB,4.0,425.51,0.0,1.98,BDBM103727,O=C(Nc1nc2cccc(-c3ccc(CN4CCS(=O)(=O)CC4)cc3)n2n1)C1CC1,IC50,'=',47.07,nM,7.33,,221694,UO_0000065,17.22,0.33,5.35,7.58,0,CHEMBL3705086,Inhibition Assay: In vitro inhibition assay using various enzyme.,B,BAO_0000357,single protein format,Homo sapiens,,,,,,,,CHEMBL2835,Tyrosine-protein kinase JAK1,Homo sapiens,SINGLE PROTEIN,CHEMBL3638964,37,BindingDB Patent Bioactivity Data,,2013.0,,,,,47.07
mol_0007,O=C(Nc1nc2cccc(-c3ccc(CN4CCS(=O)(=O)CC4)cc3)n2n1)C1CC1,4,-10.0,7.2956185,CHEMBL3301607,FILGOTINIB,4.0,425.51,0.0,1.98,BDBM103727,O=C(Nc1nc2cccc(-c3ccc(CN4CCS(=O)(=O)CC4)cc3)n2n1)C1CC1,IC50,'=',55.66,nM,7.25,,221695,UO_0000065,17.05,0.33,5.27,7.5,0,CHEMBL3705086,Inhibition Assay: In vitro inhibition assay using various enzyme.,B,BAO_0000357,single protein format,Homo sapiens,,,,,,,,CHEMBL2835,Tyrosine-protein kinase JAK1,Homo sapiens,SINGLE PROTEIN,CHEMBL3638964,37,BindingDB Patent Bioactivity Data,,2013.0,,,,,55.66
mol_0007,O=C(Nc1nc2cccc(-c3ccc(CN4CCS(=O)(=O)CC4)cc3)n2n1)C1CC1,4,-10.0,7.2956185,CHEMBL3301607,FILGOTINIB,4.0,425.51,0.0,1.98,Filgotinib,O=C(Nc1nc2cccc(-c3ccc(CN4CCS(=O)(=O)CC4)cc3)n2n1)C1CC1,IC50,'=',33.0,nM,7.48,,,UO_0000065,17.58,0.34,5.5,7.74,0,CHEMBL5154504,Inhibition of recombinant human JAK1 using MGEEPLYWSFPAKKK as substrate incubated for 40 mins in presence of Mg/ATP mixture by [gamma p33]-ATP based scintillation counting method,B,BAO_0000357,single protein format,Homo sapiens,,,,,,,,CHEMBL2835,Tyrosine-protein kinase JAK1,Homo sapiens,SINGLE PROTEIN,CHEMBL5150077,1,Scientific Literature,J Med Chem,2022.0,,TIME = 0.6667 hr,INHIBITOR,,33.0
mol_0007,O=C(Nc1nc2cccc(-c3ccc(CN4CCS(=O)(=O)CC4)cc3)n2n1)C1CC1,4,-10.0,7.2956185,CHEMBL3301607,FILGOTINIB,4.0,425.51,0.0,1.98,3,O=C(Nc1nc2cccc(-c3ccc(CN4CCS(=O)(=O)CC4)cc3)n2n1)C1CC1,IC50,'=',16.5,nM,7.78,,,UO_0000065,18.29,0.35,5.8,8.05,0,CHEMBL5377862,Inhibition of recombinant JAK1 (unknown origin) using GFP-STAT1 as substrate incubated for 1 hr by TR-FRET Lanthascreen assay,B,BAO_0000357,single protein format,Homo sapiens,,,,,,,,CHEMBL2835,Tyrosine-protein kinase JAK1,Homo sapiens,SINGLE PROTEIN,CHEMBL5375974,1,Scientific Literature,J Med Chem,2023.0,,TIME = 1.0 hr,INHIBITOR,,16.5
mol_0007,O=C(Nc1nc2cccc(-c3ccc(CN4CCS(=O)(=O)CC4)cc3)n2n1)C1CC1,4,-10.0,7.2956185,CHEMBL3301607,FILGOTINIB,4.0,425.51,0.0,1.98,"65, GLPG0634",O=C(Nc1nc2cccc(-c3ccc(CN4CCS(=O)(=O)CC4)cc3)n2n1)C1CC1,IC50,'=',10.0,nM,8.0,,,UO_0000065,18.8,0.36,6.02,8.28,0,CHEMBL3388143,Inhibition of human recombinant JAK1,B,BAO_0000357,single protein format,Homo sapiens,,,,,,,,CHEMBL2835,Tyrosine-protein kinase JAK1,Homo sapiens,SINGLE PROTEIN,CHEMBL3351789,1,Scientific Literature,J Med Chem,2014.0,,,,,10.0
mol_0007,O=C(Nc1nc2cccc(-c3ccc(CN4CCS(=O)(=O)CC4)cc3)n2n1)C1CC1,4,-10.0,7.2956185,CHEMBL3301607,FILGOTINIB,4.0,425.51,0.0,1.98,BDBM103727,O=C(Nc1nc2cccc(-c3ccc(CN4CCS(=O)(=O)CC4)cc3)n2n1)C1CC1,IC50,'=',50.1,nM,7.3,,221696,UO_0000065,17.16,0.33,5.32,7.55,0,CHEMBL3705086,Inhibition Assay: In vitro inhibition assay using various enzyme.,B,BAO_0000357,single protein format,Homo sapiens,,,,,,,,CHEMBL2835,Tyrosine-protein kinase JAK1,Homo sapiens,SINGLE PROTEIN,CHEMBL3638964,37,BindingDB Patent Bioactivity Data,,2013.0,,,,,50.1
mol_0007,O=C(Nc1nc2cccc(-c3ccc(CN4CCS(=O)(=O)CC4)cc3)n2n1)C1CC1,4,-10.0,7.2956185,CHEMBL3301607,FILGOTINIB,4.0,425.51,0.0,1.98,Filgotinib,O=C(Nc1nc2cccc(-c3ccc(CN4CCS(=O)(=O)CC4)cc3)n2n1)C1CC1,IC50,'=',26.2,nM,7.58,,,UO_0000065,17.82,0.35,5.6,7.84,0,CHEMBL4713239,Inhibition of recombinant JAK1 (unknown origin) using GFP-STAT1 as substrate incubated for 1 hr followed by anti-pSTAT1 antibody addition and measured after 30 mins by Lanthascreen TR-FRET assay,B,BAO_0000357,single protein format,Homo sapiens,,,,,,,,CHEMBL2835,Tyrosine-protein kinase JAK1,Homo sapiens,SINGLE PROTEIN,CHEMBL4706658,1,Scientific Literature,J Med Chem,2021.0,,TIME = 1.5 hr,INHIBITOR,,26.2
mol_0007,O=C(Nc1nc2cccc(-c3ccc(CN4CCS(=O)(=O)CC4)cc3)n2n1)C1CC1,4,-10.0,7.2956185,CHEMBL3301607,FILGOTINIB,4.0,425.51,0.0,1.98,EUB0000626a,O=C(Nc1nc2cccc(-c3ccc(CN4CCS(=O)(=O)CC4)cc3)n2n1)C1CC1,IC50,'=',10.0,nM,8.0,,,UO_0000065,18.8,0.36,6.02,8.28,0,CHEMBL5210327,Affinity Biochemical interaction (Radiometric kinase assay (incorporation of phosphate into an ULight-JAK-1(Tyr1023) peptide using an europium-labeled anti-phosphotyrosine Ab)) EUB0000626a JAK1,B,BAO_0000357,single protein format,Homo sapiens,,,,,Mode of action: Inhibitor | Protein family: Protein Kinase | Recommended concentration = 1.0 uM,,,CHEMBL2835,Tyrosine-protein kinase JAK1,Homo sapiens,SINGLE PROTEIN,CHEMBL5210307,65,EUbOPEN Chemogenomic Library Literature Data,,2023.0,,Affinity Biochemical Source Knowledge: https://doi.org/10.4049/jimmunol.1201348,,,10.0
mol_0007,O=C(Nc1nc2cccc(-c3ccc(CN4CCS(=O)(=O)CC4)cc3)n2n1)C1CC1,4,-10.0,7.2956185,CHEMBL3301607,FILGOTINIB,4.0,425.51,0.0,1.98,5,O=C(Nc1nc2cccc(-c3ccc(CN4CCS(=O)(=O)CC4)cc3)n2n1)C1CC1,IC50,'=',1430.0,nM,5.84,,,UO_0000065,13.74,0.27,3.86,6.05,0,CHEMBL4624520,Inhibition of JAK1 (unknown origin) expressed in mouse BAF3 cells assessed as antiproliferative activity by cell-based assay,B,BAO_0000219,cell-based format,Homo sapiens,,,BaF3,,,,,CHEMBL2835,Tyrosine-protein kinase JAK1,Homo sapiens,SINGLE PROTEIN,CHEMBL4622902,1,Scientific Literature,Bioorg Med Chem Lett,2020.0,CHEMBL3307634,,,,1.43
mol_0007,O=C(Nc1nc2cccc(-c3ccc(CN4CCS(=O)(=O)CC4)cc3)n2n1)C1CC1,4,-10.0,7.2956185,CHEMBL3301607,FILGOTINIB,4.0,425.51,0.0,1.98,5,O=C(Nc1nc2cccc(-c3ccc(CN4CCS(=O)(=O)CC4)cc3)n2n1)C1CC1,IC50,'=',115.0,nM,6.94,,,UO_0000065,16.31,0.32,4.96,7.18,0,CHEMBL4624515,Inhibition of JAK1 (unknown origin) in presence of ATP at Km concentration by caliper assay,B,BAO_0000357,single protein format,Homo sapiens,,,,,,,,CHEMBL2835,Tyrosine-protein kinase JAK1,Homo sapiens,SINGLE PROTEIN,CHEMBL4622902,1,Scientific Literature,Bioorg Med Chem Lett,2020.0,,,,,115.0
mol_0007,O=C(Nc1nc2cccc(-c3ccc(CN4CCS(=O)(=O)CC4)cc3)n2n1)C1CC1,4,-10.0,7.2956185,CHEMBL3301607,FILGOTINIB,4.0,425.51,0.0,1.98,Filgotinib,O=C(Nc1nc2cccc(-c3ccc(CN4CCS(=O)(=O)CC4)cc3)n2n1)C1CC1,IC50,'=',10.0,nM,8.0,,,UO_0000065,18.8,0.36,6.02,8.28,1,CHEMBL4258464,Inhibition of human JAK1 using GEEPLYWSFPAKKK as substrate after 40 mins in presence of [gamma-33P-ATP] by scintillation counting method,B,BAO_0000357,single protein format,Homo sapiens,,,,,,,,CHEMBL2835,Tyrosine-protein kinase JAK1,Homo sapiens,SINGLE PROTEIN,CHEMBL4257478,1,Scientific Literature,Medchemcomm,2018.0,,,,,10.0
mol_0007,O=C(Nc1nc2cccc(-c3ccc(CN4CCS(=O)(=O)CC4)cc3)n2n1)C1CC1,4,-10.0,7.2956185,CHEMBL3301607,FILGOTINIB,4.0,425.51,0.0,1.98,26,O=C(Nc1nc2cccc(-c3ccc(CN4CCS(=O)(=O)CC4)cc3)n2n1)C1CC1,IC50,'=',10.0,nM,8.0,,,UO_0000065,18.8,0.36,6.02,8.28,1,CHEMBL5245527,Inhibition of recombinant JAK1 (unknown origin) in the presence of ATP,B,BAO_0000357,single protein format,Homo sapiens,,,,,,,,CHEMBL2835,Tyrosine-protein kinase JAK1,Homo sapiens,SINGLE PROTEIN,CHEMBL5244234,1,Scientific Literature,Eur J Med Chem,2020.0,,,INHIBITOR,,10.0
mol_0007,O=C(Nc1nc2cccc(-c3ccc(CN4CCS(=O)(=O)CC4)cc3)n2n1)C1CC1,4,-10.0,7.2956185,CHEMBL3301607,FILGOTINIB,4.0,425.51,0.0,1.98,Filgotinib,O=C(Nc1nc2cccc(-c3ccc(CN4CCS(=O)(=O)CC4)cc3)n2n1)C1CC1,IC50,'=',10.0,nM,8.0,,,UO_0000065,18.8,0.36,6.02,8.28,1,CHEMBL5131643,Inhibition of JAK 1 (unknown origin),B,BAO_0000357,single protein format,Homo sapiens,,,,,,,,CHEMBL2835,Tyrosine-protein kinase JAK1,Homo sapiens,SINGLE PROTEIN,CHEMBL5131375,1,Scientific Literature,J Med Chem,2022.0,,,INHIBITOR,,10.0
mol_0007,O=C(Nc1nc2cccc(-c3ccc(CN4CCS(=O)(=O)CC4)cc3)n2n1)C1CC1,4,-10.0,7.2956185,CHEMBL3301607,FILGOTINIB,4.0,425.51,0.0,1.98,"65, GLPG0634",O=C(Nc1nc2cccc(-c3ccc(CN4CCS(=O)(=O)CC4)cc3)n2n1)C1CC1,IC50,'=',629.0,nM,6.2,,,UO_0000065,14.57,0.28,4.22,6.41,0,CHEMBL3382735,Inhibition of JAK1 in human whole blood assessed as inhibition of IL-6-induced pSTAT1,B,BAO_0000357,single protein format,Homo sapiens,CHEMBL3638178,Blood,,,,,,CHEMBL2835,Tyrosine-protein kinase JAK1,Homo sapiens,SINGLE PROTEIN,CHEMBL3351789,1,Scientific Literature,J Med Chem,2014.0,,,,,629.0
mol_0007,O=C(Nc1nc2cccc(-c3ccc(CN4CCS(=O)(=O)CC4)cc3)n2n1)C1CC1,4,-10.0,7.2956185,CHEMBL3301607,FILGOTINIB,4.0,425.51,0.0,1.98,EUB0000626a,O=C(Nc1nc2cccc(-c3ccc(CN4CCS(=O)(=O)CC4)cc3)n2n1)C1CC1,IC50,'=',178.0,nM,6.75,,,UO_0000065,,,,,0,CHEMBL5209913,Affinity Phenotypic Cellular interaction (Flow Cytometry (STAT6 phosphorylation induced by IL-4 in THP-1 cells)) EUB0000626a JAK1,F,BAO_0000219,cell-based format,Homo sapiens,,,,,Mode of action: Inhibitor | Protein family: Protein Kinase | Recommended concentration = 1.0 uM,,,CHEMBL2835,Tyrosine-protein kinase JAK1,Homo sapiens,SINGLE PROTEIN,CHEMBL5209897,65,EUbOPEN Chemogenomic Library Literature Data,,2023.0,,Affinity Phenotypic Cellular Source Knowledge: https://doi.org/10.4049/jimmunol.1201348,,,178.0
mol_0007,O=C(Nc1nc2cccc(-c3ccc(CN4CCS(=O)(=O)CC4)cc3)n2n1)C1CC1,4,-10.0,7.2956185,CHEMBL3301607,FILGOTINIB,4.0,425.51,0.0,1.98,7,O=C(Nc1nc2cccc(-c3ccc(CN4CCS(=O)(=O)CC4)cc3)n2n1)C1CC1,IC50,'=',10.0,nM,8.0,,,UO_0000065,18.8,0.36,6.02,8.28,1,CHEMBL5347007,Inhibition of recombinant human JAK1 using ULight-JAK-1(Tyr1023) peptide as substrate assessed as incorporation of phosphate into the substrate preincubated with compound for 60 mins followed by substrate addition and measured after 90 mins in presence of ATP,B,BAO_0000357,single protein format,Homo sapiens,,,,,,,,CHEMBL2835,Tyrosine-protein kinase JAK1,Homo sapiens,SINGLE PROTEIN,CHEMBL5346859,1,Scientific Literature,Eur J Med Chem,2022.0,,TIME = 2.5 hr,INHIBITOR,,10.0
mol_0008,N#CCNC(=O)c1ccc(-c2ccnc(Nc3ccc(N4CCOCC4)cc3)n2)cc1,4,-9.4,7.889641,CHEMBL1078178,MOMELOTINIB,4.0,414.47,0.0,2.98,Momelotinib,N#CCNC(=O)c1ccc(-c2ccnc(Nc3ccc(N4CCOCC4)cc3)n2)cc1,IC50,'=',11.0,nM,7.96,,,UO_0000065,19.2,0.35,4.98,7.71,1,CHEMBL5131643,Inhibition of JAK 1 (unknown origin),B,BAO_0000357,single protein format,Homo sapiens,,,,,,,,CHEMBL2835,Tyrosine-protein kinase JAK1,Homo sapiens,SINGLE PROTEIN,CHEMBL5131375,1,Scientific Literature,J Med Chem,2022.0,,,INHIBITOR,,11.0
mol_0008,N#CCNC(=O)c1ccc(-c2ccnc(Nc3ccc(N4CCOCC4)cc3)n2)cc1,4,-9.4,7.889641,CHEMBL1078178,MOMELOTINIB,4.0,414.47,0.0,2.98,"9, CYT387",N#CCNC(=O)c1ccc(-c2ccnc(Nc3ccc(N4CCOCC4)cc3)n2)cc1,IC50,'=',11.0,nM,7.96,,,UO_0000065,19.2,0.35,4.98,7.71,1,CHEMBL3225237,Inhibition of JAK1 (unknown origin),B,BAO_0000357,single protein format,Homo sapiens,,,,,,,,CHEMBL2835,Tyrosine-protein kinase JAK1,Homo sapiens,SINGLE PROTEIN,CHEMBL3217496,1,Scientific Literature,Medchemcomm,2012.0,,,,,11.0
mol_0008,N#CCNC(=O)c1ccc(-c2ccnc(Nc3ccc(N4CCOCC4)cc3)n2)cc1,4,-9.4,7.889641,CHEMBL1078178,MOMELOTINIB,4.0,414.47,0.0,2.98,28,N#CCNC(=O)c1ccc(-c2ccnc(Nc3ccc(N4CCOCC4)cc3)n2)cc1,IC50,'=',11.0,nM,7.96,,,UO_0000065,19.2,0.35,4.98,7.71,0,CHEMBL1108560,Inhibition of GST-tagged JAK1,B,BAO_0000357,single protein format,,,,,,,,,CHEMBL2835,Tyrosine-protein kinase JAK1,Homo sapiens,SINGLE PROTEIN,CHEMBL1154287,1,Scientific Literature,Bioorg Med Chem Lett,2009.0,,,,,11.0
mol_0008,N#CCNC(=O)c1ccc(-c2ccnc(Nc3ccc(N4CCOCC4)cc3)n2)cc1,4,-9.4,7.889641,CHEMBL1078178,MOMELOTINIB,4.0,414.47,0.0,2.98,12,N#CCNC(=O)c1ccc(-c2ccnc(Nc3ccc(N4CCOCC4)cc3)n2)cc1,IC50,'=',11.0,nM,7.96,,,UO_0000065,19.2,0.35,4.98,7.71,1,CHEMBL5245509,Inhibition of recombinant GST-tagged JAK1 (unknown origin) expressed in baculovirus infected Sf9 cells in the presence of ATP by Alphascreen assay,B,BAO_0000219,cell-based format,Homo sapiens,,,Sf9,,,,,CHEMBL2835,Tyrosine-protein kinase JAK1,Homo sapiens,SINGLE PROTEIN,CHEMBL5244234,1,Scientific Literature,Eur J Med Chem,2020.0,,,INHIBITOR,,11.0
mol_0008,N#CCNC(=O)c1ccc(-c2ccnc(Nc3ccc(N4CCOCC4)cc3)n2)cc1,4,-9.4,7.889641,CHEMBL1078178,MOMELOTINIB,4.0,414.47,0.0,2.98,1; GYT-387,N#CCNC(=O)c1ccc(-c2ccnc(Nc3ccc(N4CCOCC4)cc3)n2)cc1,IC50,'=',18.0,nM,7.75,,,UO_0000065,18.69,0.34,4.76,7.51,0,CHEMBL5147397,Inhibition of human JAK1 kinase domain,B,BAO_0000357,single protein format,Homo sapiens,,,,,,,,CHEMBL2835,Tyrosine-protein kinase JAK1,Homo sapiens,SINGLE PROTEIN,CHEMBL5143663,1,Scientific Literature,Bioorg Med Chem Lett,2022.0,,,INHIBITOR,,18.0
mol_0009,CCCS(=O)(=O)N[C@H]1C[C@@H](N(C)c2ncnc3[nH]ccc23)C1,4,-7.1,7.119175,CHEMBL3655081,ABROCITINIB,4.0,323.42,0.0,1.25,BDBM159748,CCCS(=O)(=O)N[C@H]1C[C@@H](N(C)c2ncnc3[nH]ccc23)C1,IC50,'=',29.0,nM,7.54,,302516,UO_0000065,23.31,0.47,6.29,8.28,0,CHEMBL3705503,"Enzyme Assay: Test article and assay controls were added to a 384-well plate. Reaction mixtures contained 20 mM HEPES, pH 7.4, 10 mM magnesium chloride, 0.01% bovine serum albumin (BSA), 0.0005% Tween 20, 1 mM ATP and 1 μM peptide substrate. The JAK1 and TYK2 assays contained 1 μM of the IRStide peptide (5FAMKKSRGDYMTMQID) and the JAK2 and JAK3 assays contained 1 μM of the JAKtide peptide (FITC-KGGEEEEYFELVKK). The assays were initiated by the addition of 20 nM JAK1, 1 nM JAK2, 1 nM JAK3 or 1 nM TYK2 enzyme and were incubated at room temperature for three hours for JAK1, 60 minutes for JAK2, 75 minutes for JAK3 or 135 minutes for TYK2. Enzyme concentrations and incubation times were optimized for each new enzyme preps and were modified slightly over time to ensure 20%-30% phosphorylation. The assays were stopped with a final concentration of 10 mM EDTA, 0.1% Coating Reagent and 100 mM HEPES, pH=7.4.",B,BAO_0000357,single protein format,Homo sapiens,,,,,,,,CHEMBL2835,Tyrosine-protein kinase JAK1,Homo sapiens,SINGLE PROTEIN,CHEMBL3639016,37,BindingDB Patent Bioactivity Data,,2015.0,,,,,29.0
mol_0009,CCCS(=O)(=O)N[C@H]1C[C@@H](N(C)c2ncnc3[nH]ccc23)C1,4,-7.1,7.119175,CHEMBL3655081,ABROCITINIB,4.0,323.42,0.0,1.25,25; PF-04965842,CCCS(=O)(=O)N[C@H]1C[C@@H](N(C)c2ncnc3[nH]ccc23)C1,IC50,'=',29.0,nM,7.54,,,UO_0000065,23.31,0.47,6.29,8.28,1,CHEMBL4022969,Inhibition of recombinant human JAK1 using 5'FAM-KKSRGDYMTMQID as substrate in presence of 1 mM ATP by mobility shift assay,B,BAO_0000357,single protein format,Homo sapiens,,,,,,,,CHEMBL2835,Tyrosine-protein kinase JAK1,Homo sapiens,SINGLE PROTEIN,CHEMBL4020822,1,Scientific Literature,J Med Chem,2018.0,,,,,0.029
mol_0009,CCCS(=O)(=O)N[C@H]1C[C@@H](N(C)c2ncnc3[nH]ccc23)C1,4,-7.1,7.119175,CHEMBL3655081,ABROCITINIB,4.0,323.42,0.0,1.25,Abrocitinib,CCCS(=O)(=O)N[C@H]1C[C@@H](N(C)c2ncnc3[nH]ccc23)C1,IC50,'=',20.0,nM,7.7,,,UO_0000065,23.8,0.48,6.45,8.46,0,CHEMBL5319083,Inhibition of JAK1 JH1 domain (unknown origin) using FITC-Ahx-KKSRGDYMTMQIG-NH2 peptide as substrate incubated for 60 mins in the presence of ATP by caliper microfluidic mobility shift technology,B,BAO_0000357,single protein format,Homo sapiens,,,,,,,,CHEMBL2835,Tyrosine-protein kinase JAK1,Homo sapiens,SINGLE PROTEIN,CHEMBL5316322,1,Scientific Literature,J Med Chem,2023.0,,TIME = 1.0 hr,INHIBITOR,,20.0
mol_0009,CCCS(=O)(=O)N[C@H]1C[C@@H](N(C)c2ncnc3[nH]ccc23)C1,4,-7.1,7.119175,CHEMBL3655081,ABROCITINIB,4.0,323.42,0.0,1.25,PF-4965842,CCCS(=O)(=O)N[C@H]1C[C@@H](N(C)c2ncnc3[nH]ccc23)C1,IC50,'=',29.0,nM,7.54,,,UO_0000065,23.31,0.47,6.29,8.28,1,CHEMBL5131643,Inhibition of JAK 1 (unknown origin),B,BAO_0000357,single protein format,Homo sapiens,,,,,,,,CHEMBL2835,Tyrosine-protein kinase JAK1,Homo sapiens,SINGLE PROTEIN,CHEMBL5131375,1,Scientific Literature,J Med Chem,2022.0,,,INHIBITOR,,29.0
mol_0009,CCCS(=O)(=O)N[C@H]1C[C@@H](N(C)c2ncnc3[nH]ccc23)C1,4,-7.1,7.119175,CHEMBL3655081,ABROCITINIB,4.0,323.42,0.0,1.25,Abrocitinib,CCCS(=O)(=O)N[C@H]1C[C@@H](N(C)c2ncnc3[nH]ccc23)C1,IC50,'=',5.1,nM,8.29,,,UO_0000065,25.64,0.51,7.04,9.11,0,CHEMBL4612619,Inhibition of N-terminal GST-tagged human JAK1 catalytic domain (850 to 1154 residues) incubated for 40 mins in presence of TK substrate-biotin by TR-FRET assay,B,BAO_0000357,single protein format,Homo sapiens,,,,,,,,CHEMBL2835,Tyrosine-protein kinase JAK1,Homo sapiens,SINGLE PROTEIN,CHEMBL4610114,1,Scientific Literature,J Med Chem,2020.0,,,,,0.0051
mol_0009,CCCS(=O)(=O)N[C@H]1C[C@@H](N(C)c2ncnc3[nH]ccc23)C1,4,-7.1,7.119175,CHEMBL3655081,ABROCITINIB,4.0,323.42,0.0,1.25,Abrocitinib,CCCS(=O)(=O)N[C@H]1C[C@@H](N(C)c2ncnc3[nH]ccc23)C1,IC50,'=',180.0,nM,6.75,,,UO_0000065,20.85,0.42,5.49,7.41,0,CHEMBL4612627,Inhibition of JAK1 in human STAT6-bla-RA1 cells assessed as reduction in IL4-induced STAT6-signalling pre-incubated for 1 hrs before human recombinant IL4 addition and further incubated for 4 hrs fluorescence based assay,B,BAO_0000219,cell-based format,Homo sapiens,,,,,,,,CHEMBL2835,Tyrosine-protein kinase JAK1,Homo sapiens,SINGLE PROTEIN,CHEMBL4610114,1,Scientific Literature,J Med Chem,2020.0,,,,,0.18
mol_0011,CC[C@@H]1CN(C(=O)NCC(F)(F)F)C[C@@H]1c1cnc2cnc3[nH]ccc3n12,4,-8.1,7.6581125,CHEMBL3622821,UPADACITINIB,4.0,380.37,0.0,2.91,EUB0000644a,CC[C@@H]1CN(C(=O)NCC(F)(F)F)C[C@@H]1c1cnc2cnc3[nH]ccc3n12,IC50,'=',649.0,nM,6.19,,,UO_0000065,,,,,0,CHEMBL5445924,"Affinity Phenotypic Cellular interaction: (Cytokine potency assay (cytokine EPO, JAK2, pSTAT5 in UT7 cells)) EUB0000644a JAK1",F,BAO_0000219,cell-based format,Homo sapiens,,,UT7,,Mode of action: Inhibitor | Protein family: Protein kinase | Recommended concentration = 1.0 uM,,,CHEMBL2835,Tyrosine-protein kinase JAK1,Homo sapiens,SINGLE PROTEIN,CHEMBL5444388,65,EUbOPEN Chemogenomic Library Literature Data,,2024.0,CHEMBL3307293,Affinity Phenotypic Cellular Source Knowledge: https://pubmed.ncbi.nlm.nih.gov/30886973/,,,649.0
mol_0011,CC[C@@H]1CN(C(=O)NCC(F)(F)F)C[C@@H]1c1cnc2cnc3[nH]ccc3n12,4,-8.1,7.6581125,CHEMBL3622821,UPADACITINIB,4.0,380.37,0.0,2.91,6,CC[C@@H]1CN(C(=O)NCC(F)(F)F)C[C@@H]1c1cnc2cnc3[nH]ccc3n12,IC50,'=',47.0,nM,7.33,,,UO_0000065,,,,,0,CHEMBL4377379,Inhibition of GST-fused recombinant human JAK1 catalytic domain (845-1142 residues) expressed in Sf9 cells in presence of 0.1 mM ATP,A,BAO_0000219,cell-based format,Homo sapiens,,,Sf9,,,,,CHEMBL2835,Tyrosine-protein kinase JAK1,Homo sapiens,SINGLE PROTEIN,CHEMBL4376812,1,Scientific Literature,J Med Chem,2019.0,CHEMBL3308860,,,,47.0
mol_0011,CC[C@@H]1CN(C(=O)NCC(F)(F)F)C[C@@H]1c1cnc2cnc3[nH]ccc3n12,4,-8.1,7.6581125,CHEMBL3622821,UPADACITINIB,4.0,380.37,0.0,2.91,Rinvoq,CC[C@@H]1CN(C(=O)NCC(F)(F)F)C[C@@H]1c1cnc2cnc3[nH]ccc3n12,IC50,'=',43.0,nM,7.37,,,UO_0000065,19.37,0.37,4.46,9.41,1,CHEMBL5370745,Inhibition of JAK1 (unknown origin),B,BAO_0000357,single protein format,Homo sapiens,,,,,,,,CHEMBL2835,Tyrosine-protein kinase JAK1,Homo sapiens,SINGLE PROTEIN,CHEMBL5370523,1,Scientific Literature,Eur J Med Chem,2023.0,,,INHIBITOR,,43.0
mol_0011,CC[C@@H]1CN(C(=O)NCC(F)(F)F)C[C@@H]1c1cnc2cnc3[nH]ccc3n12,4,-8.1,7.6581125,CHEMBL3622821,UPADACITINIB,4.0,380.37,0.0,2.91,EUB0000644a,CC[C@@H]1CN(C(=O)NCC(F)(F)F)C[C@@H]1c1cnc2cnc3[nH]ccc3n12,IC50,'=',2.0,nM,8.7,,,UO_0000065,,,,,0,CHEMBL5445928,"Affinity Phenotypic Cellular interaction: (Cytokine potency assay (cytokine IL-4, JAK1/3, pSTAT6 in HEKa, human epithelial keratinocytes, adult cells)) EUB0000644a JAK1",F,BAO_0000219,cell-based format,Homo sapiens,,,Keratinocyte,,Mode of action: Inhibitor | Protein family: Protein kinase | Recommended concentration = 1.0 uM,,,CHEMBL2835,Tyrosine-protein kinase JAK1,Homo sapiens,SINGLE PROTEIN,CHEMBL5444388,65,EUbOPEN Chemogenomic Library Literature Data,,2024.0,CHEMBL4295353,Affinity Phenotypic Cellular Source Knowledge: https://pubmed.ncbi.nlm.nih.gov/30886973/,,,2.0
mol_0011,CC[C@@H]1CN(C(=O)NCC(F)(F)F)C[C@@H]1c1cnc2cnc3[nH]ccc3n12,4,-8.1,7.6581125,CHEMBL3622821,UPADACITINIB,4.0,380.37,0.0,2.91,EUB0000644a,CC[C@@H]1CN(C(=O)NCC(F)(F)F)C[C@@H]1c1cnc2cnc3[nH]ccc3n12,IC50,'=',11.0,nM,7.96,,,UO_0000065,,,,,0,CHEMBL5445920,"Affinity Phenotypic Cellular interaction: (Cytokine potency assay (cytokine IL-6, JAK1, pSTAT3 in TF-1 cells)) EUB0000644a JAK1",F,BAO_0000219,cell-based format,Homo sapiens,,,TF-1,,Mode of action: Inhibitor | Protein family: Protein kinase | Recommended concentration = 1.0 uM,,,CHEMBL2835,Tyrosine-protein kinase JAK1,Homo sapiens,SINGLE PROTEIN,CHEMBL5444388,65,EUbOPEN Chemogenomic Library Literature Data,,2024.0,CHEMBL3307972,Affinity Phenotypic Cellular Source Knowledge: https://pubmed.ncbi.nlm.nih.gov/30886973/,,,11.0
mol_0011,CC[C@@H]1CN(C(=O)NCC(F)(F)F)C[C@@H]1c1cnc2cnc3[nH]ccc3n12,4,-8.1,7.6581125,CHEMBL3622821,UPADACITINIB,4.0,380.37,0.0,2.91,EUB0000644a,CC[C@@H]1CN(C(=O)NCC(F)(F)F)C[C@@H]1c1cnc2cnc3[nH]ccc3n12,IC50,'=',1.6,nM,8.8,,,UO_0000065,,,,,0,CHEMBL5445923,"Affinity Phenotypic Cellular interaction: (Cytokine potency assay (cytokine OSM, JAK1, pSTAT3 in TF-1 cells)) EUB0000644a JAK1",F,BAO_0000219,cell-based format,Homo sapiens,,,TF-1,,Mode of action: Inhibitor | Protein family: Protein kinase | Recommended concentration = 1.0 uM,,,CHEMBL2835,Tyrosine-protein kinase JAK1,Homo sapiens,SINGLE PROTEIN,CHEMBL5444388,65,EUbOPEN Chemogenomic Library Literature Data,,2024.0,CHEMBL3307972,Affinity Phenotypic Cellular Source Knowledge: https://pubmed.ncbi.nlm.nih.gov/30886973/,,,1.6
mol_0011,CC[C@@H]1CN(C(=O)NCC(F)(F)F)C[C@@H]1c1cnc2cnc3[nH]ccc3n12,4,-8.1,7.6581125,CHEMBL3622821,UPADACITINIB,4.0,380.37,0.0,2.91,EUB0000644a,CC[C@@H]1CN(C(=O)NCC(F)(F)F)C[C@@H]1c1cnc2cnc3[nH]ccc3n12,IC50,'>',3.2,nM,,,,UO_0000065,,,,,0,CHEMBL5471968,Selectivity interaction (HTRF activity assay) EUB0000644a JAK1,B,BAO_0000357,single protein format,Homo sapiens,,,,,Protein family: Protein kinase,,,CHEMBL2835,Tyrosine-protein kinase JAK1,Homo sapiens,SINGLE PROTEIN,CHEMBL5465560,65,EUbOPEN Chemogenomic Library Literature Data,,2024.0,,Selectivity number of off-targets = 0.0 None | Selectivity number of targets = 85.0 None | Selectivity Remarks: In-vitro potency (using 0.001 mM ATP) | Source Knowledge: https://pubmed.ncbi.nlm.nih.gov/30886973/,,,0.0032
mol_0011,CC[C@@H]1CN(C(=O)NCC(F)(F)F)C[C@@H]1c1cnc2cnc3[nH]ccc3n12,4,-8.1,7.6581125,CHEMBL3622821,UPADACITINIB,4.0,380.37,0.0,2.91,EUB0000644a,CC[C@@H]1CN(C(=O)NCC(F)(F)F)C[C@@H]1c1cnc2cnc3[nH]ccc3n12,IC50,'=',47.0,nM,7.33,,,UO_0000065,19.27,0.37,4.42,9.36,0,CHEMBL5471969,Selectivity interaction (Biochemical assay) EUB0000644a JAK1,B,BAO_0000357,single protein format,Homo sapiens,,,,,Protein family: Protein kinase,,,CHEMBL2835,Tyrosine-protein kinase JAK1,Homo sapiens,SINGLE PROTEIN,CHEMBL5465560,65,EUbOPEN Chemogenomic Library Literature Data,,2024.0,,Selectivity Remarks: In-vitro potency (using 0.1 mM ATP) | Source Knowledge: https://pubmed.ncbi.nlm.nih.gov/30886973/,,,47.0
mol_0011,CC[C@@H]1CN(C(=O)NCC(F)(F)F)C[C@@H]1c1cnc2cnc3[nH]ccc3n12,4,-8.1,7.6581125,CHEMBL3622821,UPADACITINIB,4.0,380.37,0.0,2.91,EUB0000644a,CC[C@@H]1CN(C(=O)NCC(F)(F)F)C[C@@H]1c1cnc2cnc3[nH]ccc3n12,IC50,'=',10.0,nM,8.0,,,UO_0000065,,,,,0,CHEMBL5445925,"Affinity Phenotypic Cellular interaction: (Cytokine potency assay (cytokine IL-2, JAK1/3, pSTAT5 in T-blast cells)) EUB0000644a JAK1",F,BAO_0000219,cell-based format,Homo sapiens,,,T-cell,,Mode of action: Inhibitor | Protein family: Protein kinase | Recommended concentration = 1.0 uM,,,CHEMBL2835,Tyrosine-protein kinase JAK1,Homo sapiens,SINGLE PROTEIN,CHEMBL5444388,65,EUbOPEN Chemogenomic Library Literature Data,,2024.0,CHEMBL3307588,Affinity Phenotypic Cellular Source Knowledge: https://pubmed.ncbi.nlm.nih.gov/30886973/,,,10.0
mol_0011,CC[C@@H]1CN(C(=O)NCC(F)(F)F)C[C@@H]1c1cnc2cnc3[nH]ccc3n12,4,-8.1,7.6581125,CHEMBL3622821,UPADACITINIB,4.0,380.37,0.0,2.91,EUB0000644a,CC[C@@H]1CN(C(=O)NCC(F)(F)F)C[C@@H]1c1cnc2cnc3[nH]ccc3n12,IC50,'=',22.0,nM,7.66,,,UO_0000065,,,,,0,CHEMBL5445926,"Affinity Phenotypic Cellular interaction: (Cytokine potency assay (cytokine IL-15, JAK1/3, pSTAT5 in T-blast cells)) EUB0000644a JAK1",F,BAO_0000219,cell-based format,Homo sapiens,,,T-cell,,Mode of action: Inhibitor | Protein family: Protein kinase | Recommended concentration = 1.0 uM,,,CHEMBL2835,Tyrosine-protein kinase JAK1,Homo sapiens,SINGLE PROTEIN,CHEMBL5444388,65,EUbOPEN Chemogenomic Library Literature Data,,2024.0,CHEMBL3307588,Affinity Phenotypic Cellular Source Knowledge: https://pubmed.ncbi.nlm.nih.gov/30886973/,,,22.0
mol_0011,CC[C@@H]1CN(C(=O)NCC(F)(F)F)C[C@@H]1c1cnc2cnc3[nH]ccc3n12,4,-8.1,7.6581125,CHEMBL3622821,UPADACITINIB,4.0,380.37,0.0,2.91,EUB0000644a,CC[C@@H]1CN(C(=O)NCC(F)(F)F)C[C@@H]1c1cnc2cnc3[nH]ccc3n12,IC50,'=',11.0,nM,7.96,,,UO_0000065,,,,,0,CHEMBL5445918,"Affinity Phenotypic Cellular interaction: (SureFire Assay kit (JAK1 dependent phosphorylation of STAT3, induced by IL-6 in TF-1 cells)) EUB0000644a JAK1",F,BAO_0000219,cell-based format,Homo sapiens,,,TF-1,,Mode of action: Inhibitor | Protein family: Protein kinase | Recommended concentration = 1.0 uM,,,CHEMBL2835,Tyrosine-protein kinase JAK1,Homo sapiens,SINGLE PROTEIN,CHEMBL5444388,65,EUbOPEN Chemogenomic Library Literature Data,,2024.0,CHEMBL3307972,Affinity Phenotypic Cellular Source Knowledge: https://pubmed.ncbi.nlm.nih.gov/30886973/,,,11.0
mol_0011,CC[C@@H]1CN(C(=O)NCC(F)(F)F)C[C@@H]1c1cnc2cnc3[nH]ccc3n12,4,-8.1,7.6581125,CHEMBL3622821,UPADACITINIB,4.0,380.37,0.0,2.91,EUB0000644a,CC[C@@H]1CN(C(=O)NCC(F)(F)F)C[C@@H]1c1cnc2cnc3[nH]ccc3n12,IC50,'=',43.0,nM,7.37,,,UO_0000065,19.37,0.37,4.46,9.41,0,CHEMBL5471967,Selectivity interaction (HTRF activity assay) EUB0000644a JAK1,B,BAO_0000357,single protein format,Homo sapiens,,,,,Protein family: Protein kinase,,,CHEMBL2835,Tyrosine-protein kinase JAK1,Homo sapiens,SINGLE PROTEIN,CHEMBL5465560,65,EUbOPEN Chemogenomic Library Literature Data,,2024.0,,Selectivity number of off-targets = 0.0 None | Selectivity number of targets = 85.0 None | Selectivity Remarks: In-vitro potency (using 0.1 mM ATP) | Source Knowledge: https://pubmed.ncbi.nlm.nih.gov/30886973/,,,0.043
mol_0011,CC[C@@H]1CN(C(=O)NCC(F)(F)F)C[C@@H]1c1cnc2cnc3[nH]ccc3n12,4,-8.1,7.6581125,CHEMBL3622821,UPADACITINIB,4.0,380.37,0.0,2.91,ABT-494,CC[C@@H]1CN(C(=O)NCC(F)(F)F)C[C@@H]1c1cnc2cnc3[nH]ccc3n12,IC50,'=',43.0,nM,7.37,,,UO_0000065,19.37,0.37,4.46,9.41,1,CHEMBL5131643,Inhibition of JAK 1 (unknown origin),B,BAO_0000357,single protein format,Homo sapiens,,,,,,,,CHEMBL2835,Tyrosine-protein kinase JAK1,Homo sapiens,SINGLE PROTEIN,CHEMBL5131375,1,Scientific Literature,J Med Chem,2022.0,,,INHIBITOR,,43.0
mol_0011,CC[C@@H]1CN(C(=O)NCC(F)(F)F)C[C@@H]1c1cnc2cnc3[nH]ccc3n12,4,-8.1,7.6581125,CHEMBL3622821,UPADACITINIB,4.0,380.37,0.0,2.91,Upadacitinib,CC[C@@H]1CN(C(=O)NCC(F)(F)F)C[C@@H]1c1cnc2cnc3[nH]ccc3n12,IC50,'=',8.0,nM,8.1,,,UO_0000065,21.29,0.41,5.19,10.34,0,CHEMBL4258532,Inhibition of JAK1 (unknown origin) by cell-based assay,B,BAO_0000219,cell-based format,Homo sapiens,,,,,,,,CHEMBL2835,Tyrosine-protein kinase JAK1,Homo sapiens,SINGLE PROTEIN,CHEMBL4257478,1,Scientific Literature,Medchemcomm,2018.0,,,,,8.0
mol_0011,CC[C@@H]1CN(C(=O)NCC(F)(F)F)C[C@@H]1c1cnc2cnc3[nH]ccc3n12,4,-8.1,7.6581125,CHEMBL3622821,UPADACITINIB,4.0,380.37,0.0,2.91,326,CC[C@@H]1CN(C(=O)NCC(F)(F)F)C[C@@H]1c1cnc2cnc3[nH]ccc3n12,IC50,'=',45.0,nM,7.35,,,UO_0000065,19.31,0.37,4.44,9.38,0,CHEMBL5231720,Inhibition of JAK1 (unknown origin),B,BAO_0000357,single protein format,Homo sapiens,,,,,,,,CHEMBL2835,Tyrosine-protein kinase JAK1,Homo sapiens,SINGLE PROTEIN,CHEMBL5230126,1,Scientific Literature,Eur J Med Chem,2020.0,,,INHIBITOR,,0.045
mol_0011,CC[C@@H]1CN(C(=O)NCC(F)(F)F)C[C@@H]1c1cnc2cnc3[nH]ccc3n12,4,-8.1,7.6581125,CHEMBL3622821,UPADACITINIB,4.0,380.37,0.0,2.91,EUB0000644a,CC[C@@H]1CN(C(=O)NCC(F)(F)F)C[C@@H]1c1cnc2cnc3[nH]ccc3n12,IC50,'=',19.0,nM,7.72,,,UO_0000065,,,,,0,CHEMBL5445927,"Affinity Phenotypic Cellular interaction: (Cytokine potency assay (cytokine INFgamma, JAK1/2, pSTAT1 in CD14+ monocyte cells)) EUB0000644a JAK1",F,BAO_0000219,cell-based format,Homo sapiens,,,Monocyte,,Mode of action: Inhibitor | Protein family: Protein kinase | Recommended concentration = 1.0 uM,,,CHEMBL2835,Tyrosine-protein kinase JAK1,Homo sapiens,SINGLE PROTEIN,CHEMBL5444388,65,EUbOPEN Chemogenomic Library Literature Data,,2024.0,CHEMBL3308025,Affinity Phenotypic Cellular Source Knowledge: https://pubmed.ncbi.nlm.nih.gov/30886973/,,,19.0
mol_0011,CC[C@@H]1CN(C(=O)NCC(F)(F)F)C[C@@H]1c1cnc2cnc3[nH]ccc3n12,4,-8.1,7.6581125,CHEMBL3622821,UPADACITINIB,4.0,380.37,0.0,2.91,5,CC[C@@H]1CN(C(=O)NCC(F)(F)F)C[C@@H]1c1cnc2cnc3[nH]ccc3n12,IC50,'=',8.0,nM,8.1,,,UO_0000065,21.29,0.41,5.19,10.34,1,CHEMBL4341341,Inhibition of JAK1 (unknown origin) by cell based assay,B,BAO_0000219,cell-based format,Homo sapiens,,,,,,,,CHEMBL2835,Tyrosine-protein kinase JAK1,Homo sapiens,SINGLE PROTEIN,CHEMBL4340527,1,Scientific Literature,Bioorg Med Chem,2019.0,,,,,8.0
mol_0011,CC[C@@H]1CN(C(=O)NCC(F)(F)F)C[C@@H]1c1cnc2cnc3[nH]ccc3n12,4,-8.1,7.6581125,CHEMBL3622821,UPADACITINIB,4.0,380.37,0.0,2.91,EUB0000644a,CC[C@@H]1CN(C(=O)NCC(F)(F)F)C[C@@H]1c1cnc2cnc3[nH]ccc3n12,IC50,'=',14.0,nM,7.85,,,UO_0000065,20.65,0.4,4.94,10.03,0,CHEMBL5445992,Affinity On-target Cellular interaction: (SureFire pSTAT5 Assay kit (phosphorylation of STAT5 in BCR-JAK1 Ba/F3 engineered cells)) EUB0000644a JAK1,B,BAO_0000219,cell-based format,Mus musculus,,,BaF3,,Mode of action: Inhibitor | Protein family: Protein Kinase | Recommended concentration = 1.0 uM,,,CHEMBL2835,Tyrosine-protein kinase JAK1,Homo sapiens,SINGLE PROTEIN,CHEMBL5445981,65,EUbOPEN Chemogenomic Library Literature Data,,2024.0,CHEMBL3307634,Affinity On-target Cellular Source Knowledge: https://pubmed.ncbi.nlm.nih.gov/30886973/,,,14.0
mol_0011,CC[C@@H]1CN(C(=O)NCC(F)(F)F)C[C@@H]1c1cnc2cnc3[nH]ccc3n12,4,-8.1,7.6581125,CHEMBL3622821,UPADACITINIB,4.0,380.37,0.0,2.91,11,CC[C@@H]1CN(C(=O)NCC(F)(F)F)C[C@@H]1c1cnc2cnc3[nH]ccc3n12,IC50,'=',43.0,nM,7.37,,,UO_0000065,19.37,0.37,4.46,9.41,0,CHEMBL4309400,Inhibition of recombinant JAK1 (unknown origin) by alpha-screen assay,B,BAO_0000357,single protein format,Homo sapiens,,,,,,,,CHEMBL2835,Tyrosine-protein kinase JAK1,Homo sapiens,SINGLE PROTEIN,CHEMBL4308837,1,Scientific Literature,J Med Chem,2018.0,,,,,43.0
mol_0011,CC[C@@H]1CN(C(=O)NCC(F)(F)F)C[C@@H]1c1cnc2cnc3[nH]ccc3n12,4,-8.1,7.6581125,CHEMBL3622821,UPADACITINIB,4.0,380.37,0.0,2.91,EUB0000644a,CC[C@@H]1CN(C(=O)NCC(F)(F)F)C[C@@H]1c1cnc2cnc3[nH]ccc3n12,IC50,'=',78.0,nM,7.11,,,UO_0000065,,,,,0,CHEMBL5445921,"Affinity Phenotypic Cellular interaction: (Cytokine potency assay (cytokine IL-6, JAK1, pSTAT3 in CD14+whole blood cells)) EUB0000644a JAK1",F,BAO_0000219,cell-based format,Homo sapiens,CHEMBL3638178,Blood,,,Mode of action: Inhibitor | Protein family: Protein kinase | Recommended concentration = 1.0 uM,,,CHEMBL2835,Tyrosine-protein kinase JAK1,Homo sapiens,SINGLE PROTEIN,CHEMBL5444388,65,EUbOPEN Chemogenomic Library Literature Data,,2024.0,,Affinity Phenotypic Cellular Source Knowledge: https://pubmed.ncbi.nlm.nih.gov/30886973/,,,78.0
mol_0011,CC[C@@H]1CN(C(=O)NCC(F)(F)F)C[C@@H]1c1cnc2cnc3[nH]ccc3n12,4,-8.1,7.6581125,CHEMBL3622821,UPADACITINIB,4.0,380.37,0.0,2.91,EUB0000644a,CC[C@@H]1CN(C(=O)NCC(F)(F)F)C[C@@H]1c1cnc2cnc3[nH]ccc3n12,IC50,'=',4.0,nM,8.4,,,UO_0000065,,,,,0,CHEMBL5445929,"Affinity Phenotypic Cellular interaction: (Cytokine potency assay (cytokine IL-13, JAK1/TYK2, pSTAT6 in HEKa, human epithelial keratinocytes, adult cells)) EUB0000644a JAK1",F,BAO_0000219,cell-based format,Homo sapiens,,,Keratinocyte,,Mode of action: Inhibitor | Protein family: Protein kinase | Recommended concentration = 1.0 uM,,,CHEMBL2835,Tyrosine-protein kinase JAK1,Homo sapiens,SINGLE PROTEIN,CHEMBL5444388,65,EUbOPEN Chemogenomic Library Literature Data,,2024.0,CHEMBL4295353,Affinity Phenotypic Cellular Source Knowledge: https://pubmed.ncbi.nlm.nih.gov/30886973/,,,4.0
mol_0011,CC[C@@H]1CN(C(=O)NCC(F)(F)F)C[C@@H]1c1cnc2cnc3[nH]ccc3n12,4,-8.1,7.6581125,CHEMBL3622821,UPADACITINIB,4.0,380.37,0.0,2.91,Upadacitinib,CC[C@@H]1CN(C(=O)NCC(F)(F)F)C[C@@H]1c1cnc2cnc3[nH]ccc3n12,IC50,'=',0.8,nM,9.1,,,UO_0000065,23.92,0.46,6.19,11.62,0,CHEMBL5319083,Inhibition of JAK1 JH1 domain (unknown origin) using FITC-Ahx-KKSRGDYMTMQIG-NH2 peptide as substrate incubated for 60 mins in the presence of ATP by caliper microfluidic mobility shift technology,B,BAO_0000357,single protein format,Homo sapiens,,,,,,,,CHEMBL2835,Tyrosine-protein kinase JAK1,Homo sapiens,SINGLE PROTEIN,CHEMBL5316322,1,Scientific Literature,J Med Chem,2023.0,,TIME = 1.0 hr,INHIBITOR,,0.8
mol_0011,CC[C@@H]1CN(C(=O)NCC(F)(F)F)C[C@@H]1c1cnc2cnc3[nH]ccc3n12,4,-8.1,7.6581125,CHEMBL3622821,UPADACITINIB,4.0,380.37,0.0,2.91,EUB0000644a,CC[C@@H]1CN(C(=O)NCC(F)(F)F)C[C@@H]1c1cnc2cnc3[nH]ccc3n12,IC50,'=',43.0,nM,7.37,,,UO_0000065,19.37,0.37,4.46,9.41,0,CHEMBL5446113,Affinity Biochemical interaction: (HTRF assay  (0.1 mM ATP)) EUB0000644a JAK1,B,BAO_0000357,single protein format,Homo sapiens,,,,,Mode of action: Inhibitor | Protein family: Protein Kinase | Recommended concentration = 1.0 uM,,,CHEMBL2835,Tyrosine-protein kinase JAK1,Homo sapiens,SINGLE PROTEIN,CHEMBL5446079,65,EUbOPEN Chemogenomic Library Literature Data,,2024.0,,Affinity Biochemical Source Knowledge: https://pubmed.ncbi.nlm.nih.gov/30886973/,,,43.0
mol_0011,CC[C@@H]1CN(C(=O)NCC(F)(F)F)C[C@@H]1c1cnc2cnc3[nH]ccc3n12,4,-8.1,7.6581125,CHEMBL3622821,UPADACITINIB,4.0,380.37,0.0,2.91,4,CC[C@@H]1CN(C(=O)NCC(F)(F)F)C[C@@H]1c1cnc2cnc3[nH]ccc3n12,IC50,'=',47.0,nM,7.33,,,UO_0000065,19.27,0.37,4.42,9.36,1,CHEMBL5133082,Inhibition of recombinant human GST-fused JAK1 (845 to 1142 residues) expressed in Sf9 cells at varying concentrations of ATP by competitive binding assay,B,BAO_0000219,cell-based format,Homo sapiens,,,Sf9,,,,,CHEMBL2835,Tyrosine-protein kinase JAK1,Homo sapiens,SINGLE PROTEIN,CHEMBL5131403,1,Scientific Literature,Bioorg Med Chem Lett,2022.0,,,INHIBITOR,,47.0
mol_0011,CC[C@@H]1CN(C(=O)NCC(F)(F)F)C[C@@H]1c1cnc2cnc3[nH]ccc3n12,4,-8.1,7.6581125,CHEMBL3622821,UPADACITINIB,4.0,380.37,0.0,2.91,6,CC[C@@H]1CN(C(=O)NCC(F)(F)F)C[C@@H]1c1cnc2cnc3[nH]ccc3n12,IC50,'=',47.0,nM,7.33,,,UO_0000065,19.27,0.37,4.42,9.36,1,CHEMBL5347003,Inhibition of recombinant human GST-tagged JAK1 catalytic domain (845 to 1142 residues) expressed in Sf9 cells in presence of ATP,B,BAO_0000219,cell-based format,Homo sapiens,,,Sf9,,,,,CHEMBL2835,Tyrosine-protein kinase JAK1,Homo sapiens,SINGLE PROTEIN,CHEMBL5346859,1,Scientific Literature,Eur J Med Chem,2022.0,,,INHIBITOR,,47.0
mol_0011,CC[C@@H]1CN(C(=O)NCC(F)(F)F)C[C@@H]1c1cnc2cnc3[nH]ccc3n12,4,-8.1,7.6581125,CHEMBL3622821,UPADACITINIB,4.0,380.37,0.0,2.91,Upadacitinib,CC[C@@H]1CN(C(=O)NCC(F)(F)F)C[C@@H]1c1cnc2cnc3[nH]ccc3n12,IC50,'=',207.0,nM,6.68,,,UO_0000065,,,,,0,CHEMBL5445922,"Affinity Phenotypic Cellular interaction: (Cytokine potency assay (cytokine IL-6, JAK1, pSTAT3 in CD3+whole blood cells)) EUB0000644a JAK1",F,BAO_0000219,cell-based format,Homo sapiens,CHEMBL3638178,Blood,,,Mode of action: Inhibitor | Protein family: Protein kinase | Recommended concentration = 1.0 uM,,,CHEMBL2835,Tyrosine-protein kinase JAK1,Homo sapiens,SINGLE PROTEIN,CHEMBL5444388,65,EUbOPEN Chemogenomic Library Literature Data,,2024.0,,Affinity Phenotypic Cellular Source Knowledge: https://pubmed.ncbi.nlm.nih.gov/30886973/,,,207.0
mol_0011,CC[C@@H]1CN(C(=O)NCC(F)(F)F)C[C@@H]1c1cnc2cnc3[nH]ccc3n12,4,-8.1,7.6581125,CHEMBL3622821,UPADACITINIB,4.0,380.37,0.0,2.91,86,CC[C@@H]1CN(C(=O)NCC(F)(F)F)C[C@@H]1c1cnc2cnc3[nH]ccc3n12,IC50,'=',45.0,nM,7.35,,,UO_0000065,19.31,0.37,4.44,9.38,1,CHEMBL5363706,Inhibition of JAK1 (unknown origin),B,BAO_0000357,single protein format,Homo sapiens,,,,,,,,CHEMBL2835,Tyrosine-protein kinase JAK1,Homo sapiens,SINGLE PROTEIN,CHEMBL5360607,1,Scientific Literature,ACS Med Chem Lett,2023.0,,,INHIBITOR,,45.0
mol_0011,CC[C@@H]1CN(C(=O)NCC(F)(F)F)C[C@@H]1c1cnc2cnc3[nH]ccc3n12,4,-8.1,7.6581125,CHEMBL3622821,UPADACITINIB,4.0,380.37,0.0,2.91,Upadacitinib,CC[C@@H]1CN(C(=O)NCC(F)(F)F)C[C@@H]1c1cnc2cnc3[nH]ccc3n12,IC50,'=',43.0,nM,7.37,,,UO_0000065,19.37,0.37,4.46,9.41,1,CHEMBL5119405,Inhibition of JAK1 (unknown origin),B,BAO_0000357,single protein format,Homo sapiens,,,,,,,,CHEMBL2835,Tyrosine-protein kinase JAK1,Homo sapiens,SINGLE PROTEIN,CHEMBL5113519,1,Scientific Literature,J Med Chem,2022.0,,,INHIBITOR,,43.0
mol_0011,CC[C@@H]1CN(C(=O)NCC(F)(F)F)C[C@@H]1c1cnc2cnc3[nH]ccc3n12,4,-8.1,7.6581125,CHEMBL3622821,UPADACITINIB,4.0,380.37,0.0,2.91,Upadacitinib,CC[C@@H]1CN(C(=O)NCC(F)(F)F)C[C@@H]1c1cnc2cnc3[nH]ccc3n12,IC50,'=',47.0,nM,7.33,,,UO_0000065,19.27,0.37,4.42,9.36,1,CHEMBL5385203,Inhibition of JAK1 (unknown origin),B,BAO_0000357,single protein format,Homo sapiens,,,,,,,,CHEMBL2835,Tyrosine-protein kinase JAK1,Homo sapiens,SINGLE PROTEIN,CHEMBL5380863,1,Scientific Literature,J Med Chem,2023.0,,,INHIBITOR,,47.0
mol_0011,CC[C@@H]1CN(C(=O)NCC(F)(F)F)C[C@@H]1c1cnc2cnc3[nH]ccc3n12,4,-8.1,7.6581125,CHEMBL3622821,UPADACITINIB,4.0,380.37,0.0,2.91,Upadacitinib,CC[C@@H]1CN(C(=O)NCC(F)(F)F)C[C@@H]1c1cnc2cnc3[nH]ccc3n12,IC50,'=',3.0,nM,8.52,,,UO_0000065,,,,,0,CHEMBL5445930,"Affinity Phenotypic Cellular interaction: (Cytokine potency assay (cytokine IL-31, JAK1/2, pSTAT3 in HEKa, human epithelial keratinocytes, adult cells)) EUB0000644a JAK1",F,BAO_0000219,cell-based format,Homo sapiens,,,Keratinocyte,,Mode of action: Inhibitor | Protein family: Protein kinase | Recommended concentration = 1.0 uM,,,CHEMBL2835,Tyrosine-protein kinase JAK1,Homo sapiens,SINGLE PROTEIN,CHEMBL5444388,65,EUbOPEN Chemogenomic Library Literature Data,,2024.0,CHEMBL4295353,Affinity Phenotypic Cellular Source Knowledge: https://pubmed.ncbi.nlm.nih.gov/30886973/,,,3.0
